path,year,location,taken,width,height
images/2012/jiamusi-heilongjiang-china/0001-QVZjcHJ3YjZwZnRVMnlqYg.webp,2012,"Jiamusi, Heilongjiang, China",2012-06-04 12:00,800,1066
images/2012/jiamusi-heilongjiang-china/0002-QVZlVFh4aXpONFpjSGtEcQ.webp,2012,"Jiamusi, Heilongjiang, China",2012-06-08 06:27,800,600
images/2012/jiamusi-heilongjiang-china/0003-QVZkTWtQbHRzTUZXM2luYQ.webp,2012,"Jiamusi, Heilongjiang, China",2012-12-01 11:41,800,600
images/2012/jiamusi-heilongjiang-china/0004-QVZmV1VPdFNyQlBKUThyUQ.webp,2012,"Jiamusi, Heilongjiang, China",2012-12-01 12:15,800,600
images/2013/jiamusi-heilongjiang-china/0001-QVZlcDluM2liYzZPS0NvVw.webp,2013,"Jiamusi, Heilongjiang, China",2013-09-11 13:22,720,960
images/2013/jiamusi-heilongjiang-china/0002-QVZlN2FUalA0TVNlSzkyVA.webp,2013,"Jiamusi, Heilongjiang, China",2013-09-11 14:14,800,600
images/2013/jiamusi-heilongjiang-china/0003-QVZmb3A3RWdhV2d3clBKYg.webp,2013,"Jiamusi, Heilongjiang, China",2013-09-13 10:32,800,600
images/2013/jiamusi-heilongjiang-china/0004-QVZkVF9FRkctNjlsdDJKNg.webp,2013,"Jiamusi, Heilongjiang, China",2013-09-15 06:42,800,450
images/2013/jiamusi-heilongjiang-china/0005-QVZlZzlZejJCdC1zRUNUdA.webp,2013,"Jiamusi, Heilongjiang, China",2013-09-19 09:32,800,600
images/2013/jiamusi-heilongjiang-china/0006-QVZlS3VmOHZpd2N0WVd1QQ.webp,2013,"Jiamusi, Heilongjiang, China",2013-09-22 09:24,720,960
images/2013/jiamusi-heilongjiang-china/0007-QVZkdm1VT09vQVV6YTFrdQ.webp,2013,"Jiamusi, Heilongjiang, China",2013-09-22 09:30,720,960
images/2013/jiamusi-heilongjiang-china/0008-QVZlQ1FTY2g4dE5kN1VwVg.webp,2013,"Jiamusi, Heilongjiang, China",2013-09-23 18:25,640,424
images/2013/jiamusi-heilongjiang-china/0009-QVZjN0ZIOEZicjFVNXU2QQ.webp,2013,"Jiamusi, Heilongjiang, China",2013-09-23 18:27,640,480
images/2013/jiamusi-heilongjiang-china/0010-QVZlV1VzOEJRZVJFdjZPMg.webp,2013,"Jiamusi, Heilongjiang, China",2013-09-23 18:40,640,424
images/2013/jiamusi-heilongjiang-china/0011-QVZmdW5qTEZBN25RS1Y5WA.webp,2013,"Jiamusi, Heilongjiang, China",2013-10-28 09:56,640,853
images/2013/jiamusi-heilongjiang-china/0012-QVZlTDJKRUs1cDZpcGI2cQ.webp,2013,"Jiamusi, Heilongjiang, China",2013-11-09 19:34,480,640
images/2013/jiamusi-heilongjiang-china/0013-QVZkY0t4UlFoV2RWWk1KUg.webp,2013,"Jiamusi, Heilongjiang, China",2013-12-04 12:35,480,640
images/2013/jiamusi-heilongjiang-china/0014-QVZkbVNwRkZYUE9oVTJ5TA.webp,2013,"Jiamusi, Heilongjiang, China",2013-12-24 21:23,800,600
images/2014/jiamusi-heilongjiang-china/0001-QVZmNjdsdXdDRFFYSWxYSA.webp,2014,"Jiamusi, Heilongjiang, China",2014-02-28 17:24,418,627
images/2014/jiamusi-heilongjiang-china/0002-QVZlSnVabDZ5ckNYWU9UbQ.webp,2014,"Jiamusi, Heilongjiang, China",2014-02-28 17:24,480,480
images/2014/jiamusi-heilongjiang-china/0003-QVZmcS0wUFZTblV5cG40RA.webp,2014,"Jiamusi, Heilongjiang, China",2014-03-07 09:03,800,562
images/2014/jiamusi-heilongjiang-china/0004-QVZkb0UtaFI0QUVaczRYdQ.webp,2014,"Jiamusi, Heilongjiang, China",2014-03-13 13:15,480,480
images/2014/jiamusi-heilongjiang-china/0005-QVZjSVcxNVZpeFVIMmZ3bw.webp,2014,"Jiamusi, Heilongjiang, China",2014-03-13 18:48,480,619
images/2014/jiamusi-heilongjiang-china/0006-QVZjNVNNcDc2QkVFdXNWOA.webp,2014,"Jiamusi, Heilongjiang, China",2014-04-05 07:59,480,640
images/2014/jiamusi-heilongjiang-china/0007-QVZkUkJIZDRMZ1dMN1ZKYg.webp,2014,"Jiamusi, Heilongjiang, China",2014-04-08 13:08,640,480
images/2014/jiamusi-heilongjiang-china/0008-QVZmcm1sMEpXaG5zUWdBOQ.webp,2014,"Jiamusi, Heilongjiang, China",2014-04-09 09:06,800,600
images/2014/jiamusi-heilongjiang-china/0009-QVZlMmlVUjIzM3VQRms2Yg.webp,2014,"Jiamusi, Heilongjiang, China",2014-04-11 20:24,480,627
images/2014/jiamusi-heilongjiang-china/0010-QVZmU3UzaTRraW9uakhLUg.webp,2014,"Jiamusi, Heilongjiang, China",2014-04-15 13:23,480,640
images/2014/jiamusi-heilongjiang-china/0011-QVZlcWNpanYwVm5KWGtfMA.webp,2014,"Jiamusi, Heilongjiang, China",2014-04-29 09:45,609,457
images/2014/jiamusi-heilongjiang-china/0012-QVZlMExpQTg3Qzd4NUx2Tg.webp,2014,"Jiamusi, Heilongjiang, China",2014-04-29 09:53,456,640
images/2014/jiamusi-heilongjiang-china/0013-QVZjWE9tTVVUQk9vUTE0cQ.webp,2014,"Jiamusi, Heilongjiang, China",2014-05-06 19:51,800,458
images/2014/jiamusi-heilongjiang-china/0014-QVZlNWJuOEJvdTlYSGhtRg.webp,2014,"Jiamusi, Heilongjiang, China",2014-05-13 10:50,480,640
images/2014/jiamusi-heilongjiang-china/0015-QVZjYmRRMGU5SGprYkE2SQ.webp,2014,"Jiamusi, Heilongjiang, China",2014-05-13 10:56,800,1035
images/2014/jiamusi-heilongjiang-china/0016-QVZldE5QU2p5N1QxLWpjbA.webp,2014,"Jiamusi, Heilongjiang, China",2014-05-20 05:19,480,640
images/2014/jiamusi-heilongjiang-china/0017-QVZmN0Ffa213YnBoM0Nocw.webp,2014,"Jiamusi, Heilongjiang, China",2014-05-20 05:52,640,853
images/2014/jiamusi-heilongjiang-china/0018-QVZmdU45SG5hMUppSHZ1Qg.webp,2014,"Jiamusi, Heilongjiang, China",2014-05-23 04:47,480,640
images/2014/jiamusi-heilongjiang-china/0019-QVZjeFRFc0hJX1N3aWhLdg.webp,2014,"Jiamusi, Heilongjiang, China",2014-05-29 20:32,480,640
images/2014/jiamusi-heilongjiang-china/0020-QVZjejVMZmU5dS1SalByNQ.webp,2014,"Jiamusi, Heilongjiang, China",2014-05-30 21:09,800,597
images/2014/jiamusi-heilongjiang-china/0021-QVZmd1NYTW11ZnN0UEdBYw.webp,2014,"Jiamusi, Heilongjiang, China",2014-06-16 11:08,800,601
images/2014/jiamusi-heilongjiang-china/0022-QVZlLXpzc1k5LWtDaVFxVg.webp,2014,"Jiamusi, Heilongjiang, China",2014-06-16 11:49,800,569
images/2014/jiamusi-heilongjiang-china/0023-QVZkSUcxdjBrU1ZkS0tucA.webp,2014,"Jiamusi, Heilongjiang, China",2014-06-16 15:08,800,597
images/2014/jiamusi-heilongjiang-china/0024-QVZlSi12Wk4wWGt0bUMzYg.webp,2014,"Jiamusi, Heilongjiang, China",2014-06-16 15:08,384,512
images/2014/jiamusi-heilongjiang-china/0025-QVZlUmllNWM3UlVsQ2RSRw.webp,2014,"Jiamusi, Heilongjiang, China",2014-06-16 15:08,640,852
images/2014/jiamusi-heilongjiang-china/0026-QVZlZDZTUm1GRXp6ODEyQQ.webp,2014,"Jiamusi, Heilongjiang, China",2014-06-16 15:08,640,852
images/2014/jiamusi-heilongjiang-china/0027-QVZlZEJSSl9ENkpUSnBjcA.webp,2014,"Jiamusi, Heilongjiang, China",2014-06-18 11:52,480,480
images/2014/jiamusi-heilongjiang-china/0028-QVZmS2doS09rekRDbmVseg.webp,2014,"Jiamusi, Heilongjiang, China",2014-06-23 11:44,384,512
images/2014/jiamusi-heilongjiang-china/0029-QVZkbUFZSU9VdEQtYVZCNw.webp,2014,"Jiamusi, Heilongjiang, China",2014-07-01 18:09,582,775
images/2014/jiamusi-heilongjiang-china/0030-QVZkS0N2Rm9BamZZNXZvRQ.webp,2014,"Jiamusi, Heilongjiang, China",2014-08-01 13:41,720,960
images/2014/jiamusi-heilongjiang-china/0031-QVZldnJ3bE8ydnFRVjFFQg.webp,2014,"Jiamusi, Heilongjiang, China",2014-08-07 06:24,800,600
images/2014/jiamusi-heilongjiang-china/0032-QVZlTUVLcjBfTXFDVTdkMQ.webp,2014,"Jiamusi, Heilongjiang, China",2014-08-08 08:37,800,600
images/2014/jiamusi-heilongjiang-china/0033-QVZlN1dTOFNGMkNvUFQtZw.webp,2014,"Jiamusi, Heilongjiang, China",2014-08-08 13:49,480,640
images/2014/qingdao-shandong-china/0001-QVZkTmRkTEVteGV3VkNOZQ.webp,2014,"Qingdao, Shandong, China",2014-08-11 15:06,800,1422
images/2014/qingdao-shandong-china/0002-QVZkbWlpOEdPZlBnSXQ0TA.webp,2014,"Qingdao, Shandong, China",2014-08-12 08:46,800,600
images/2014/qingdao-shandong-china/0003-QVZlSXN5WktYb2g3Slhycg.webp,2014,"Qingdao, Shandong, China",2014-08-12 10:34,800,1422
images/2014/qingdao-shandong-china/0004-QVZjUmN3czIwNUF0NFpBYQ.webp,2014,"Qingdao, Shandong, China",2014-08-13 10:39,800,1422
images/2014/qingdao-shandong-china/0005-QVZlREswVjB4bTk4Y0ZXTQ.webp,2014,"Qingdao, Shandong, China",2014-08-13 15:00,800,450
images/2014/qingdao-shandong-china/0006-QVZlUlRncEtlTXJmWDBWaQ.webp,2014,"Qingdao, Shandong, China",2014-08-14 14:36,800,533
images/2014/qingdao-shandong-china/0007-QVZlRzhpYUZWNlZRRHhlYg.webp,2014,"Qingdao, Shandong, China",2014-08-18 10:36,800,600
images/2014/qingdao-shandong-china/0008-QVZjX2dacHdISHdpMWM5Ng.webp,2014,"Qingdao, Shandong, China",2014-08-19 14:21,800,1200
images/2014/qingdao-shandong-china/0009-QVZkMFR4R1NkQ0g2b09vMg.webp,2014,"Qingdao, Shandong, China",2014-08-19 14:22,800,1200
images/2014/qingdao-shandong-china/0010-QVZlMXZGNWp2b2ZwbnZRSQ.webp,2014,"Qingdao, Shandong, China",2014-08-19 14:27,800,1200
images/2014/qingdao-shandong-china/0011-QVZkQnYyVmxOV2lRckg3cw.webp,2014,"Qingdao, Shandong, China",2014-08-19 14:31,800,1200
images/2014/qingdao-shandong-china/0012-QVZmODFFQy1ELWdJQlFpeQ.webp,2014,"Qingdao, Shandong, China",2014-08-20 08:37,800,533
images/2014/qingdao-shandong-china/0013-QVZlX0I3RGo3QmlHNkY0aQ.webp,2014,"Qingdao, Shandong, China",2014-08-21 09:49,800,1067
images/2014/qingdao-shandong-china/0014-QVZkaUNzempFcmNDdi1LQw.webp,2014,"Qingdao, Shandong, China",2014-08-25 09:15,800,600
images/2014/qingdao-shandong-china/0015-QVZjMzFrUmpIaTluTGtJeA.webp,2014,"Qingdao, Shandong, China",2014-08-25 16:31,800,1067
images/2014/qingdao-shandong-china/0016-QVZmX3c2azhudUZIUWNpcw.webp,2014,"Qingdao, Shandong, China",2014-08-26 09:35,800,600
images/2014/qingdao-shandong-china/0017-QVZkcERGMTJmRXk3ZnZyLQ.webp,2014,"Qingdao, Shandong, China",2014-08-26 10:31,800,1067
images/2014/qingdao-shandong-china/0018-QVZkeEpsTnlnbWMzdWdRUw.webp,2014,"Qingdao, Shandong, China",2014-09-01 08:57,800,533
images/2014/qingdao-shandong-china/0019-QVZlLTl2X0hzYjVhY1FqRQ.webp,2014,"Qingdao, Shandong, China",2014-09-01 08:59,800,1200
images/2014/qingdao-shandong-china/0020-QVZlc2l0eURJQ3l4S1FXVA.webp,2014,"Qingdao, Shandong, China",2014-09-01 09:06,800,533
images/2014/qingdao-shandong-china/0021-QVZjVXdzbW1UcEV1QTdYVA.webp,2014,"Qingdao, Shandong, China",2014-09-04 06:34,800,1200
images/2014/qingdao-shandong-china/0022-QVZjNzJQVWdiSTQ2QUhjOQ.webp,2014,"Qingdao, Shandong, China",2014-09-11 09:36,480,640
images/2014/qingdao-shandong-china/0023-QVZjNXFkb2tVNU1uQ2Fucg.webp,2014,"Qingdao, Shandong, China",2014-10-25 08:36,480,640
images/2014/qingdao-shandong-china/0024-QVZkMXZ5UE1ZeldJNUM1YQ.webp,2014,"Qingdao, Shandong, China",2014-10-25 08:44,800,1067
images/2014/qingdao-shandong-china/0025-QVZmb3NienJpX3hTR05KUA.webp,2014,"Qingdao, Shandong, China",2014-10-25 08:45,800,1067
images/2014/qingdao-shandong-china/0026-QVZla0tHTXZGNGZYbk01TQ.webp,2014,"Qingdao, Shandong, China",2014-10-25 11:34,800,1067
images/2014/qingdao-shandong-china/0027-QVZkbmU4Ukk5clhsWjFfdw.webp,2014,"Qingdao, Shandong, China",2014-10-25 11:35,800,1067
images/2014/qingdao-shandong-china/0028-QVZkZVBRN0ZHbGx0NWo2Zw.webp,2014,"Qingdao, Shandong, China",2014-10-25 11:39,480,640
images/2014/qingdao-shandong-china/0029-QVZjZnk2VnV1QnRZRTdFTg.webp,2014,"Qingdao, Shandong, China",2014-10-25 12:48,800,600
images/2014/qingdao-shandong-china/0030-QVZmSzZUUGtpRDBSRDJ4dg.webp,2014,"Qingdao, Shandong, China",2014-10-25 13:17,800,1067
images/2014/qingdao-shandong-china/0031-QVZmWUQ5Z3BSMEZQSHNYRQ.webp,2014,"Qingdao, Shandong, China",2014-10-25 13:19,800,1067
images/2014/qingdao-shandong-china/0032-QVZmaW1NbzZuTUpRUlIzSQ.webp,2014,"Qingdao, Shandong, China",2014-11-02 14:10,480,640
images/2014/qingdao-shandong-china/0033-QVZkc3hwWGFvM2dkQ19SZg.webp,2014,"Qingdao, Shandong, China",2014-11-03 10:48,478,478
images/2014/qingdao-shandong-china/0034-QVZlQ1o1WDhrbUt6TUpBeQ.webp,2014,"Qingdao, Shandong, China",2014-11-21 09:26,421,421
images/2014/qingdao-shandong-china/0035-QVZmbE1QZWFrWUJVb1ZYcw.webp,2014,"Qingdao, Shandong, China",2014-11-21 09:38,800,800
images/2014/qingdao-shandong-china/0036-QVZmYm9fQ0hZVFVPVGNuaA.webp,2014,"Qingdao, Shandong, China",2014-12-07 20:21,800,800
images/2014/qingdao-shandong-china/0037-QVZjVnB1UVFQdWZpQV9UTw.webp,2014,"Qingdao, Shandong, China",2014-12-11 11:17,800,534
images/2014/qingdao-shandong-china/0038-QVZlaWgtQ0M3LUZXVlVuVQ.webp,2014,"Qingdao, Shandong, China",2014-12-11 11:19,800,1199
images/2014/qingdao-shandong-china/0039-QVZlNklxdC1VbHVfRHZfRw.webp,2014,"Qingdao, Shandong, China",2014-12-11 11:19,800,534
images/2014/qingdao-shandong-china/0040-QVZjLURtc0lLSEl1cFhPYg.webp,2014,"Qingdao, Shandong, China",2014-12-11 11:36,800,1199
images/2014/qingdao-shandong-china/0041-QVZjQlc0UmstTWYyc3BONw.webp,2014,"Qingdao, Shandong, China",2014-12-11 11:38,800,1199
images/2014/qingdao-shandong-china/0042-QVZmMmkyXzlFSEFWQ3FoTA.webp,2014,"Qingdao, Shandong, China",2014-12-11 11:40,800,534
images/2014/qingdao-shandong-china/0043-QVZkVDlvY3RoMktmWUhJXw.webp,2014,"Qingdao, Shandong, China",2014-12-11 11:40,800,1199
images/2014/qingdao-shandong-china/0044-QVZmTV90RWI4OEFLUE1lUA.webp,2014,"Qingdao, Shandong, China",2014-12-11 11:53,800,534
images/2014/qingdao-shandong-china/0045-QVZmc2Q1X2VDNkZzdlo4Qg.webp,2014,"Qingdao, Shandong, China",2014-12-11 11:54,800,1199
images/2014/qingdao-shandong-china/0046-QVZjWDJLdGczYjh6YURZaw.webp,2014,"Qingdao, Shandong, China",2014-12-11 11:55,800,1199
images/2014/qingdao-shandong-china/0047-QVZmMWZ6MEQxVkpEal9xcQ.webp,2014,"Qingdao, Shandong, China",2014-12-11 11:59,800,1199
images/2014/qingdao-shandong-china/0048-QVZjLVc3QlhsUHhpSjNHWQ.webp,2014,"Qingdao, Shandong, China",2014-12-11 11:59,800,534
images/2014/qingdao-shandong-china/0049-QVZkb2xBRV9hVlRkOGlIcw.webp,2014,"Qingdao, Shandong, China",2014-12-16 20:32,716,960
images/2014/qingdao-shandong-china/0050-QVZmaWJhcU1EcEI1TEwtaQ.webp,2014,"Qingdao, Shandong, China",2014-12-19 09:49,480,480
images/2014/qingdao-shandong-china/0051-QVZjbVk2UVVSZkYzRk5vOA.webp,2014,"Qingdao, Shandong, China",2014-12-19 09:51,800,450
images/2014/qingdao-shandong-china/0052-QVZlNkdtMWRteVpsZWdVLQ.webp,2014,"Qingdao, Shandong, China",2014-12-19 09:57,480,480
images/2014/qingdao-shandong-china/0053-QVZjdkctR0Z1cW1YUlZUVA.webp,2014,"Qingdao, Shandong, China",2014-12-20 10:21,800,534
images/2014/qingdao-shandong-china/0054-QVZmVEY3elFwLVE2c2JFaA.webp,2014,"Qingdao, Shandong, China",2014-12-20 11:34,800,534
images/2014/qingdao-shandong-china/0055-QVZlME5XY3JxYmZyMExiYg.webp,2014,"Qingdao, Shandong, China",2014-12-21 13:12,800,598
images/2014/qingdao-shandong-china/0056-QVZkTzV3TkQ5VFlvZ1FyeQ.webp,2014,"Qingdao, Shandong, China",2014-12-21 13:15,480,640
images/2014/qingdao-shandong-china/0057-QVZjQzhRZnVseEdXUU82Sg.webp,2014,"Qingdao, Shandong, China",2014-12-21 13:17,480,640
images/2015/qingdao-shandong-china/0001-QVZmMmFnM1ZJN3ZLSklHZg.webp,2015,"Qingdao, Shandong, China",2015-01-01 06:58,800,587
images/2015/qingdao-shandong-china/0002-QVZkWWpuV1FTU2N4clFmag.webp,2015,"Qingdao, Shandong, China",2015-01-16 13:46,800,597
images/2015/qingdao-shandong-china/0003-QVZlZ29KSjhjYlFIU25fbw.webp,2015,"Qingdao, Shandong, China",2015-01-23 12:00,800,1072
images/2015/qingdao-shandong-china/0004-QVZjY29ZR08zNHdpRUFDdw.webp,2015,"Qingdao, Shandong, China",2015-01-23 14:11,720,1280
images/2015/qingdao-shandong-china/0005-QVZlRkk5emtmX3NNVl81Ug.webp,2015,"Qingdao, Shandong, China",2015-01-23 14:15,800,1067
images/2015/qingdao-shandong-china/0006-QVZmbzZMYnR0Rmhxd1lYag.webp,2015,"Qingdao, Shandong, China",2015-01-24 19:52,800,600
images/2015/qingdao-shandong-china/0007-QVZkRmdsM0tudi1qMW9LSQ.webp,2015,"Qingdao, Shandong, China",2015-02-07 16:10,540,960
images/2015/qingdao-shandong-china/0008-QVZmZmwtTjhjdmVDSmUxbw.webp,2015,"Qingdao, Shandong, China",2015-02-15 14:48,800,800
images/2015/qingdao-shandong-china/0009-QVZmUGlHaG56NzlQWFVVaA.webp,2015,"Qingdao, Shandong, China",2015-02-26 08:16,450,450
images/2015/qingdao-shandong-china/0010-QVZlRTRvNVNoYjYyX1RpQw.webp,2015,"Qingdao, Shandong, China",2015-03-09 08:53,800,1425
images/2015/qingdao-shandong-china/0011-QVZkRDJZMjVGRFdDM3VDdw.webp,2015,"Qingdao, Shandong, China",2015-03-09 08:55,480,640
images/2015/qingdao-shandong-china/0012-QVZjVkV6NlFQUE9OTHpvdA.webp,2015,"Qingdao, Shandong, China",2015-03-09 08:56,800,449
images/2015/qingdao-shandong-china/0013-QVZjc24wOWdMSkJJbVhxTg.webp,2015,"Qingdao, Shandong, China",2015-03-09 09:01,480,640
images/2015/qingdao-shandong-china/0014-QVZlZjdJY1hEUDB2M3VSMg.webp,2015,"Qingdao, Shandong, China",2015-03-16 08:43,800,449
images/2015/qingdao-shandong-china/0015-QVZjV1JIYVljUFU2aUhkeA.webp,2015,"Qingdao, Shandong, China",2015-03-20 17:58,800,1425
images/2015/qingdao-shandong-china/0016-QVZmc1I0R0t4U3BNSlktaA.webp,2015,"Qingdao, Shandong, China",2015-03-21 11:52,800,449
images/2015/qingdao-shandong-china/0017-QVZmVVNwU3o4cmdfWldJNg.webp,2015,"Qingdao, Shandong, China",2015-03-24 10:35,800,1425
images/2015/qingdao-shandong-china/0018-QVZlVEpSX0VldGIzSmdhRw.webp,2015,"Qingdao, Shandong, China",2015-03-26 15:53,800,1425
images/2015/qingdao-shandong-china/0019-QVZjQTNfMTBEMi1MNllmNQ.webp,2015,"Qingdao, Shandong, China",2015-03-26 20:51,800,449
images/2015/qingdao-shandong-china/0020-QVZlZEViX21yUHZ4Yjh5Uw.webp,2015,"Qingdao, Shandong, China",2015-03-30 16:38,800,1425
images/2015/qingdao-shandong-china/0021-QVZkQkdwY1VUcU1jOS04TQ.webp,2015,"Qingdao, Shandong, China",2015-04-06 19:35,800,1071
images/2015/qingdao-shandong-china/0022-QVZlVGNlQk04VUgzaWxDcQ.webp,2015,"Qingdao, Shandong, China",2015-04-06 19:52,800,1067
images/2015/qingdao-shandong-china/0023-QVZjM0ttZlhJdWZmRjB3bA.webp,2015,"Qingdao, Shandong, China",2015-04-26 13:50,704,960
images/2015/qingdao-shandong-china/0024-QVZjR3pjWkxpWHktSVlIcg.webp,2015,"Qingdao, Shandong, China",2015-05-22 07:03,800,449
images/2015/qingdao-shandong-china/0025-QVZlcnBJZ202NTBicWxBbA.webp,2015,"Qingdao, Shandong, China",2015-05-22 07:05,800,449
images/2015/qingdao-shandong-china/0026-QVZlczduQWItUms2OVY0bQ.webp,2015,"Qingdao, Shandong, China",2015-05-22 17:26,800,449
images/2015/qingdao-shandong-china/0027-QVZkRHBaWDUtak5hNzA2MQ.webp,2015,"Qingdao, Shandong, China",2015-05-22 17:27,800,449
images/2015/qingdao-shandong-china/0028-QVZkcmNfNV9KQWZTZFlZcA.webp,2015,"Qingdao, Shandong, China",2015-05-22 17:28,800,1425
images/2015/qingdao-shandong-china/0029-QVZjT28taVBIX1NBWVVvUg.webp,2015,"Qingdao, Shandong, China",2015-05-23 06:38,800,600
images/2015/qingdao-shandong-china/0030-QVZjU0RnSTA0bGt6aVM3dQ.webp,2015,"Qingdao, Shandong, China",2015-06-02 16:11,800,1425
images/2015/qingdao-shandong-china/0031-QVZmUVVGbTNKNnVyYVVBOQ.webp,2015,"Qingdao, Shandong, China",2015-06-02 18:59,800,449
images/2015/qingdao-shandong-china/0032-QVZkQmRKQzdyUVN1ZmxQRQ.webp,2015,"Qingdao, Shandong, China",2015-06-13 12:44,800,449
images/2015/qingdao-shandong-china/0033-QVZjV3ZQajlXSGRtWC1xRg.webp,2015,"Qingdao, Shandong, China",2015-06-13 12:46,800,449
images/2016/qingdao-shandong-china/0001-QVZmUUUxek9vVEJIUmNnNQ.webp,2016,"Qingdao, Shandong, China",2016-01-25 08:40,480,480
images/2016/qingdao-shandong-china/0002-QVZmRHpvY0pOYjB2MVBEXw.webp,2016,"Qingdao, Shandong, China",2016-01-25 08:44,800,1072
images/2016/qingdao-shandong-china/0003-QVZkYWplTUwzT0U1RndqNA.webp,2016,"Qingdao, Shandong, China",2016-02-04 12:10,800,800
images/2016/qingdao-shandong-china/0004-QVZkOV9YN2Q4aGdwZHVwbQ.webp,2016,"Qingdao, Shandong, China",2016-04-11 07:56,800,1065
images/2016/qingdao-shandong-china/0005-QVZkM3FXdUVybHd2ZnhYeA.webp,2016,"Qingdao, Shandong, China",2016-05-20 07:03,800,1065
images/2016/qingdao-shandong-china/0006-QVZmY3hRY1ZpblJvUWd6dA.webp,2016,"Qingdao, Shandong, China",2016-05-20 07:10,800,601
images/2016/qingdao-shandong-china/0007-QVZmRWNQWVlGZHVuVVhRdQ.webp,2016,"Qingdao, Shandong, China",2016-06-08 13:40,800,450
images/2016/qingdao-shandong-china/0008-QVZkbjhLa2s0LWN3Z3pPaQ.webp,2016,"Qingdao, Shandong, China",2016-06-08 13:42,800,1423
images/2016/qingdao-shandong-china/0009-QVZkS1JnZm50VnZvbUJLdQ.webp,2016,"Qingdao, Shandong, China",2016-06-08 13:46,800,1423
images/2016/qingdao-shandong-china/0010-QVZmRy11XzU2TVIzS3pONQ.webp,2016,"Qingdao, Shandong, China",2016-06-08 13:47,800,1423
images/2016/qingdao-shandong-china/0011-QVZlUkhPQlp2d0hsS0E3Sw.webp,2016,"Qingdao, Shandong, China",2016-06-08 14:06,800,533
images/2016/qingdao-shandong-china/0012-QVZjWEFkOXE4Yl8tWUJvbA.webp,2016,"Qingdao, Shandong, China",2016-06-08 14:24,800,450
images/2016/qingdao-shandong-china/0013-QVZla1BwOWJIeWphNkhzMw.webp,2016,"Qingdao, Shandong, China",2016-06-08 18:20,800,450
images/2016/qingdao-shandong-china/0014-QVZmVTRwaWVZY0VWQTlaTw.webp,2016,"Qingdao, Shandong, China",2016-06-23 13:42,800,800
images/2016/qingdao-shandong-china/0015-QVZjamhJLWcxbjVhdnBzMQ.webp,2016,"Qingdao, Shandong, China",2016-06-23 13:58,800,600
images/2016/qingdao-shandong-china/0016-QVZmM240RVNsYVZKZ0lLUA.webp,2016,"Qingdao, Shandong, China",2016-06-27 08:40,800,601
images/2016/qingdao-shandong-china/0017-QVZmSGo0bnBlZDBQMGVJMQ.webp,2016,"Qingdao, Shandong, China",2016-06-27 08:41,800,601
images/2016/qingdao-shandong-china/0018-QVZjRTNpT2trZFk1QTlUTw.webp,2016,"Qingdao, Shandong, China",2016-06-27 08:43,800,1065
images/2016/qingdao-shandong-china/0019-QVZkYjZLTTdkdmZsSE5ySQ.webp,2016,"Qingdao, Shandong, China",2016-06-27 09:41,800,601
images/2016/qingdao-shandong-china/0020-QVZlQzg1cm1GejZRbUJVRQ.webp,2016,"Qingdao, Shandong, China",2016-06-27 15:54,800,601
images/2016/qingdao-shandong-china/0021-QVZjT2tEN1VVZ0ZXc05qdA.webp,2016,"Qingdao, Shandong, China",2016-06-27 15:58,800,1065
images/2016/qingdao-shandong-china/0022-QVZlVXRmYnVyOTJITi1OQQ.webp,2016,"Qingdao, Shandong, China",2016-07-08 18:16,800,1067
images/2016/qingdao-shandong-china/0023-QVZlYS1UdWJxYTFYaEFNYg.webp,2016,"Qingdao, Shandong, China",2016-07-08 18:39,800,1067
images/2016/qingdao-shandong-china/0024-QVZkQTVMdjEzczMxUDhIQg.webp,2016,"Qingdao, Shandong, China",2016-07-08 18:55,800,1067
images/2016/qingdao-shandong-china/0025-QVZlX0U4SzR1ZnB0ZEYtQQ.webp,2016,"Qingdao, Shandong, China",2016-07-08 19:39,800,1067
images/2016/qingdao-shandong-china/0026-QVZjbnhOTGFWLXZKanhXUw.webp,2016,"Qingdao, Shandong, China",2016-07-08 22:00,800,1067
images/2016/qingdao-shandong-china/0027-QVZlckEwdTZIVEs2dTNXSQ.webp,2016,"Qingdao, Shandong, China",2016-07-09 14:03,800,1067
images/2016/qingdao-shandong-china/0028-QVZkOWJkcG11M3pMdVc0Tw.webp,2016,"Qingdao, Shandong, China",2016-07-09 15:22,800,1067
images/2016/shanghai-china/0001-QVZmbksyMHZqMC14R05MLQ.webp,2016,"Shanghai, China",2016-07-12 18:59,800,800
images/2016/shanghai-china/0002-QVZlSm4yaGRFYzdzRXlodw.webp,2016,"Shanghai, China",2016-07-12 19:02,800,800
images/2016/shanghai-china/0003-QVZmaDNiNS1GU3JEekZ5Yg.webp,2016,"Shanghai, China",2016-07-12 19:05,800,800
images/2016/shanghai-china/0004-QVZjaXVQY1VvNGhqU0dtMw.webp,2016,"Shanghai, China",2016-07-13 17:16,800,1067
images/2016/shanghai-china/0005-QVZlbmVjYUpmQ1ZpUUdtaw.webp,2016,"Shanghai, China",2016-07-13 20:26,800,600
images/2016/shanghai-china/0006-QVZjdU5CbVlQSm9JN1UyWA.webp,2016,"Shanghai, China",2016-07-13 20:40,800,1067
images/2016/shanghai-china/0007-QVZmVXJCVm5MbXFxUHVZTQ.webp,2016,"Shanghai, China",2016-07-13 20:46,800,600
images/2016/shanghai-china/0008-QVZlYmlseU52ZTBJdm1HZA.webp,2016,"Shanghai, China",2016-07-13 21:07,800,600
images/2016/shanghai-china/0009-QVZlVnl5YjMtWFlsN01oRA.webp,2016,"Shanghai, China",2016-07-13 21:09,800,1067
images/2016/shanghai-china/0010-QVZjQXpIWWt4ZFY0c3BSNA.webp,2016,"Shanghai, China",2016-07-13 21:12,800,600
images/2016/lindsay-ontario-canada/0001-QVZkZkhLTDhFdjlqVnc5Xw.webp,2016,"Lindsay, Ontario, Canada",2016-08-09 19:14,800,600
images/2016/lindsay-ontario-canada/0002-QVZjSGRVYTlvQU9hSzZHTg.webp,2016,"Lindsay, Ontario, Canada",2016-08-09 19:17,720,960
images/2016/lindsay-ontario-canada/0003-QVZlblh3bjlSZ3llQlpvVQ.webp,2016,"Lindsay, Ontario, Canada",2016-08-09 19:39,720,960
images/2016/lindsay-ontario-canada/0004-QVZkc0s1Umc3cmNHTFRDTw.webp,2016,"Lindsay, Ontario, Canada",2016-08-10 15:25,720,960
images/2016/lindsay-ontario-canada/0005-QVZmR1NWY1d5M05JQmZCbA.webp,2016,"Lindsay, Ontario, Canada",2016-08-10 15:26,720,960
images/2016/lindsay-ontario-canada/0006-QVZlcEh5OXNfbG02SmVzbw.webp,2016,"Lindsay, Ontario, Canada",2016-08-10 16:21,720,960
images/2016/lindsay-ontario-canada/0007-QVZjS1lwQXQ0djNVRWhmWg.webp,2016,"Lindsay, Ontario, Canada",2016-08-10 16:23,720,960
images/2016/lindsay-ontario-canada/0008-QVZlR3ZfaGgyNFVzZHduUA.webp,2016,"Lindsay, Ontario, Canada",2016-08-10 16:24,720,960
images/2016/lindsay-ontario-canada/0009-QVZlT0tYenl3aE5IRDZPYQ.webp,2016,"Lindsay, Ontario, Canada",2016-08-10 16:26,720,960
images/2016/lindsay-ontario-canada/0010-QVZkekRqd2hzckJNaWt1Vg.webp,2016,"Lindsay, Ontario, Canada",2016-08-10 18:39,720,960
images/2016/lindsay-ontario-canada/0011-QVZjWTgxRDd5VlhJSTdvMw.webp,2016,"Lindsay, Ontario, Canada",2016-08-11 18:06,720,960
images/2016/lindsay-ontario-canada/0012-QVZkcDN5eF9KQTNnbm9tOQ.webp,2016,"Lindsay, Ontario, Canada",2016-08-11 18:23,720,960
images/2016/lindsay-ontario-canada/0013-QVZkZTR0QnRjTmlaZVFyVQ.webp,2016,"Lindsay, Ontario, Canada",2016-08-11 18:25,720,960
images/2016/niagara-falls-ontario-canada/0001-QVZja3RJR1dFZXdKbURFRg.webp,2016,"Niagara Falls, Ontario, Canada",2016-08-12 17:31,720,960
images/2016/niagara-falls-ontario-canada/0002-QVZlS0pmRVlZeDR6MXZDVQ.webp,2016,"Niagara Falls, Ontario, Canada",2016-08-13 15:55,720,960
images/2016/niagara-falls-ontario-canada/0003-QVZjc29XcXBIc0h0LUEteg.webp,2016,"Niagara Falls, Ontario, Canada",2016-08-14 11:20,720,960
images/2016/niagara-falls-ontario-canada/0004-QVZjdHY5X25qQXEwUTZiOQ.webp,2016,"Niagara Falls, Ontario, Canada",2016-08-14 11:29,720,960
images/2016/niagara-falls-ontario-canada/0005-QVZkMUJ4STNwWGxLZFVjRg.webp,2016,"Niagara Falls, Ontario, Canada",2016-08-14 11:33,800,600
images/2016/niagara-falls-ontario-canada/0006-QVZlR0lkVTN2SFlMaW9mUQ.webp,2016,"Niagara Falls, Ontario, Canada",2016-08-14 11:34,720,960
images/2016/niagara-falls-ontario-canada/0007-QVZmUnl0bDFvWEhMeHBWeg.webp,2016,"Niagara Falls, Ontario, Canada",2016-08-14 11:42,800,600
images/2016/niagara-falls-ontario-canada/0008-QVZjeVlvWjFXaHNiRkJVTw.webp,2016,"Niagara Falls, Ontario, Canada",2016-08-14 12:11,720,960
images/2016/niagara-falls-ontario-canada/0009-QVZjZmhucUxOV0VDcTdVWg.webp,2016,"Niagara Falls, Ontario, Canada",2016-08-14 12:53,720,960
images/2016/niagara-falls-ontario-canada/0010-QVZmY0h0OFFjdGJ1aGRFcw.webp,2016,"Niagara Falls, Ontario, Canada",2016-08-14 17:17,800,600
images/2016/niagara-falls-ontario-canada/0011-QVZmakpPQUZNRDg0QldPdA.webp,2016,"Niagara Falls, Ontario, Canada",2016-08-14 17:21,720,960
images/2016/niagara-falls-ontario-canada/0012-QVZlN0pTekdiUVZnTzRBZg.webp,2016,"Niagara Falls, Ontario, Canada",2016-08-14 17:22,800,600
images/2016/niagara-falls-ontario-canada/0013-QVZkM1Z3YnY4bkFyMHRnRQ.webp,2016,"Niagara Falls, Ontario, Canada",2016-08-14 18:21,720,960
images/2016/niagara-falls-ontario-canada/0014-QVZlUmhSdHJUNHFlbTNSbg.webp,2016,"Niagara Falls, Ontario, Canada",2016-08-14 18:44,720,960
images/2016/niagara-falls-ontario-canada/0015-QVZmNVlfQmxEYllJQzM2WA.webp,2016,"Niagara Falls, Ontario, Canada",2016-08-14 18:45,720,960
images/2016/niagara-falls-ontario-canada/0016-QVZlNEs2VHVvbklfbzBFdg.webp,2016,"Niagara Falls, Ontario, Canada",2016-08-14 18:48,720,960
images/2016/niagara-falls-ontario-canada/0017-QVZkaHJ3RWNrSEgzcGlUUg.webp,2016,"Niagara Falls, Ontario, Canada",2016-08-14 18:51,720,960
images/2016/niagara-falls-ontario-canada/0018-QVZlaVVVV1ViZm01aGkzWg.webp,2016,"Niagara Falls, Ontario, Canada",2016-08-14 18:55,800,600
images/2016/niagara-falls-ontario-canada/0019-QVZlbzlacDFTQlVtYV9pTg.webp,2016,"Niagara Falls, Ontario, Canada",2016-08-14 18:57,720,960
images/2016/niagara-falls-ontario-canada/0020-QVZjbjN1d1kyR3VTT3k4ZA.webp,2016,"Niagara Falls, Ontario, Canada",2016-08-14 18:59,800,600
images/2016/niagara-falls-ontario-canada/0021-QVZkdjZNelllaFBKV2E5Mw.webp,2016,"Niagara Falls, Ontario, Canada",2016-08-14 19:06,800,600
images/2016/niagara-falls-ontario-canada/0022-QVZkVHV6YTJmR3Mxa0VFTA.webp,2016,"Niagara Falls, Ontario, Canada",2016-08-15 12:42,720,960
images/2016/niagara-falls-ontario-canada/0023-QVZjUFZFQU91WUJtbWZyUQ.webp,2016,"Niagara Falls, Ontario, Canada",2016-08-15 12:45,720,960
images/2016/niagara-falls-ontario-canada/0024-QVZkS3ZVVzNiTmFtejZ3bw.webp,2016,"Niagara Falls, Ontario, Canada",2016-08-15 18:17,800,600
images/2016/niagara-falls-ontario-canada/0025-QVZjLS1YZjUzZWFCekxXVg.webp,2016,"Niagara Falls, Ontario, Canada",2016-08-15 18:19,800,600
images/2016/niagara-falls-ontario-canada/0026-QVZlX0MxUkZSUXhwQ3hHeA.webp,2016,"Niagara Falls, Ontario, Canada",2016-08-15 18:20,800,600
images/2016/jonesborough-tennessee-usa/0001-QVZjeFpGeDNCa2pEZmlRbg.webp,2016,"Jonesborough, Tennessee, USA",2016-08-16 08:38,800,600
images/2016/jonesborough-tennessee-usa/0002-QVZkQjI4NC1xSXhIRkZrRA.webp,2016,"Jonesborough, Tennessee, USA",2016-12-24 19:21,800,800
images/2017/jonesborough-tennessee-usa/0001-QVZmanZyNmswUi1BVG8wMg.webp,2017,"Jonesborough, Tennessee, USA",2017-05-19 15:35,800,600
images/2017/jonesborough-tennessee-usa/0002-QVZmN3pnbWNRdHhkZ0lvVQ.webp,2017,"Jonesborough, Tennessee, USA",2017-05-19 15:52,800,600
images/2017/jonesborough-tennessee-usa/0003-QVZkSTlfaThPc2cxYmxETQ.webp,2017,"Jonesborough, Tennessee, USA",2017-05-19 15:53,720,960
images/2017/jonesborough-tennessee-usa/0004-QVZjOUhudVV1c3BSYXBrSQ.webp,2017,"Jonesborough, Tennessee, USA",2017-05-19 16:54,720,960
images/2017/jonesborough-tennessee-usa/0005-QVZmUEdJcjVRT2JEWFptUA.webp,2017,"Jonesborough, Tennessee, USA",2017-05-19 16:56,720,960
images/2017/jonesborough-tennessee-usa/0006-QVZlcUVxRXR5NUhEQlFKag.webp,2017,"Jonesborough, Tennessee, USA",2017-05-19 17:12,720,960
images/2017/jonesborough-tennessee-usa/0007-QVZlcUZ6NXBwX3lPaUdjNw.webp,2017,"Jonesborough, Tennessee, USA",2017-05-19 17:14,720,960
images/2017/jonesborough-tennessee-usa/0008-QVZkUzhPVjJtZEVWMnN5bg.webp,2017,"Jonesborough, Tennessee, USA",2017-05-19 17:15,800,600
images/2017/jonesborough-tennessee-usa/0009-QVZmR1hWbWlTcVVsRmRZSQ.webp,2017,"Jonesborough, Tennessee, USA",2017-05-19 17:43,720,960
images/2017/jonesborough-tennessee-usa/0010-QVZmNjdoNGJyMjNwSWtzaQ.webp,2017,"Jonesborough, Tennessee, USA",2017-05-20 09:56,800,600
images/2017/myrtle-beach-south-carolina-usa/0001-QVZkbDFPYmstMGZMcXZoSA.webp,2017,"Myrtle Beach, South Carolina, USA",2017-07-17 09:10,720,960
images/2017/myrtle-beach-south-carolina-usa/0002-QVZmNUoyajVVMEM1OHlSaA.webp,2017,"Myrtle Beach, South Carolina, USA",2017-07-17 09:15,720,960
images/2017/myrtle-beach-south-carolina-usa/0003-QVZkQmFQakRsRkFVUF9pUg.webp,2017,"Myrtle Beach, South Carolina, USA",2017-07-17 10:00,720,960
images/2017/myrtle-beach-south-carolina-usa/0004-QVZlUU1yYm1BUG9NOTZmZA.webp,2017,"Myrtle Beach, South Carolina, USA",2017-07-17 10:01,800,600
images/2017/myrtle-beach-south-carolina-usa/0005-QVZlTkI0UEM5NnRYd1pxbg.webp,2017,"Myrtle Beach, South Carolina, USA",2017-07-17 10:31,720,960
images/2017/myrtle-beach-south-carolina-usa/0006-QVZlWW5ualNTaHprbkFEeg.webp,2017,"Myrtle Beach, South Carolina, USA",2017-07-17 10:45,800,600
images/2017/myrtle-beach-south-carolina-usa/0007-QVZmWmhsWTAyOWQ4RC03WQ.webp,2017,"Myrtle Beach, South Carolina, USA",2017-07-18 12:09,720,960
images/2017/myrtle-beach-south-carolina-usa/0008-QVZkTHdOMTRLd3NjTlZYMQ.webp,2017,"Myrtle Beach, South Carolina, USA",2017-07-18 12:26,720,960
images/2017/myrtle-beach-south-carolina-usa/0009-QVZmUUNVU3NUa0tsa0VucA.webp,2017,"Myrtle Beach, South Carolina, USA",2017-07-18 12:31,720,960
images/2017/myrtle-beach-south-carolina-usa/0010-QVZjNzZLWURNVE1zQ2UydQ.webp,2017,"Myrtle Beach, South Carolina, USA",2017-07-18 12:32,800,600
images/2017/myrtle-beach-south-carolina-usa/0011-QVZmYTRQM1dnR0E1RDdZMg.webp,2017,"Myrtle Beach, South Carolina, USA",2017-07-18 13:11,720,960
images/2018/jonesborough-tennessee-usa/0001-QVZjOGhONTN3aE5nLURyWA.webp,2018,"Jonesborough, Tennessee, USA",2018-02-16 20:48,720,960
images/2018/jonesborough-tennessee-usa/0002-QVZjUGU3U3RWSG5rR1NobA.webp,2018,"Jonesborough, Tennessee, USA",2018-02-16 20:48,720,960
images/2018/jonesborough-tennessee-usa/0003-QVZjZW5IOE9TY0dQcWlGNg.webp,2018,"Jonesborough, Tennessee, USA",2018-02-16 20:48,720,960
images/2018/jonesborough-tennessee-usa/0004-QVZjbUdPMkt0d3BYS0xZNg.webp,2018,"Jonesborough, Tennessee, USA",2018-02-16 20:48,800,600
images/2018/jonesborough-tennessee-usa/0005-QVZkbzdJMDd4SmZkMmc2Xw.webp,2018,"Jonesborough, Tennessee, USA",2018-02-16 20:48,720,960
images/2018/jonesborough-tennessee-usa/0006-QVZlRFBOY3EtWlJ3eFJZQQ.webp,2018,"Jonesborough, Tennessee, USA",2018-02-16 20:48,720,960
images/2018/jonesborough-tennessee-usa/0007-QVZlVklyTjlIMmJjS0Jybg.webp,2018,"Jonesborough, Tennessee, USA",2018-02-16 20:48,800,600
images/2018/jonesborough-tennessee-usa/0008-QVZlWlFQNGpkYXZjWllLQQ.webp,2018,"Jonesborough, Tennessee, USA",2018-02-16 20:48,720,960
images/2018/jonesborough-tennessee-usa/0009-QVZlYmtlQUJDSnp4VEVkbA.webp,2018,"Jonesborough, Tennessee, USA",2018-02-16 20:48,720,960
images/2018/jonesborough-tennessee-usa/0010-QVZlbEV4Vy05TW1aVkJLVw.webp,2018,"Jonesborough, Tennessee, USA",2018-02-16 20:48,720,960
images/2018/jonesborough-tennessee-usa/0011-QVZmR2NiN2E4amNtazJNdA.webp,2018,"Jonesborough, Tennessee, USA",2018-02-16 20:48,800,600
images/2018/jonesborough-tennessee-usa/0012-QVZmYmktNzZOVzdoME05dA.webp,2018,"Jonesborough, Tennessee, USA",2018-02-16 20:48,720,960
images/2018/jonesborough-tennessee-usa/0013-QVZmckxkVXF5R0NxZTlXSg.webp,2018,"Jonesborough, Tennessee, USA",2018-02-16 20:48,720,960
images/2018/jonesborough-tennessee-usa/0014-QVZjRmNMSlh1cmxqZnlfNw.webp,2018,"Jonesborough, Tennessee, USA",2018-02-16 20:52,720,960
images/2018/jonesborough-tennessee-usa/0015-QVZkYmpPbXp1U0xrcFR5Vw.webp,2018,"Jonesborough, Tennessee, USA",2018-02-16 20:52,720,960
images/2018/jonesborough-tennessee-usa/0016-QVZlNFJNYmwtcmg0YlFwdQ.webp,2018,"Jonesborough, Tennessee, USA",2018-02-16 20:52,720,960
images/2018/jonesborough-tennessee-usa/0017-QVZmcWxyemRPSVR3WGJJaQ.webp,2018,"Jonesborough, Tennessee, USA",2018-02-16 20:52,720,960
images/2018/salt-lake-city-utah-usa/0001-00100dPORTRAIT_00100_BURST20180810175107490_COVER.webp,2018,"Salt Lake City, Utah, USA",2018-08-10 15:51,800,1067
images/2018/salt-lake-city-utah-usa/0002-COLOR_POP_1.webp,2018,"Salt Lake City, Utah, USA",2018-08-20 14:30,800,1067
images/2018/salt-lake-city-utah-usa/0003-WuTa_2018-10-17_10-39-48.webp,2018,"Salt Lake City, Utah, USA",2018-10-17 10:39,800,1067
images/2018/salt-lake-city-utah-usa/0004-IMG_20181019_154430.webp,2018,"Salt Lake City, Utah, USA",2018-10-19 13:44,800,1067
images/2018/salt-lake-city-utah-usa/0005-IMG_20181019_163259.webp,2018,"Salt Lake City, Utah, USA",2018-10-19 14:33,800,1067
images/2018/salt-lake-city-utah-usa/0006-IMG_20181027_171603.webp,2018,"Salt Lake City, Utah, USA",2018-10-27 15:16,800,1067
images/2018/salt-lake-city-utah-usa/0007-IMG_20181029_134458.webp,2018,"Salt Lake City, Utah, USA",2018-10-29 13:44,800,1067
images/2018/salt-lake-city-utah-usa/0008-00100dPORTRAIT_00100_BURST20181115155829903_COVER.webp,2018,"Salt Lake City, Utah, USA",2018-11-15 13:58,800,1067
images/2018/salt-lake-city-utah-usa/0009-00000PORTRAIT_00000_BURST20181115160020386.webp,2018,"Salt Lake City, Utah, USA",2018-11-15 14:00,800,1067
images/2018/salt-lake-city-utah-usa/0010-00100dPORTRAIT_00100_BURST20181115155857085_COVER.webp,2018,"Salt Lake City, Utah, USA",2018-11-15 15:58,800,600
images/2018/salt-lake-city-utah-usa/0011-00100dPORTRAIT_00100_BURST20181115160017229_COVER.webp,2018,"Salt Lake City, Utah, USA",2018-11-15 16:00,800,1067
images/2018/salt-lake-city-utah-usa/0012-00000PORTRAIT_00000_BURST20181115160124300.webp,2018,"Salt Lake City, Utah, USA",2018-11-15 16:01,800,600
images/2018/salt-lake-city-utah-usa/0013-FB_IMG_1542397535148.webp,2018,"Salt Lake City, Utah, USA",2018-11-16 12:45,720,960
images/2018/salt-lake-city-utah-usa/0014-00100dPORTRAIT_00100_BURST20181117150939209_COVER.webp,2018,"Salt Lake City, Utah, USA",2018-11-17 13:09,800,1067
images/2018/salt-lake-city-utah-usa/0015-00000IMG_00000_BURST20181117150951106_COVER.webp,2018,"Salt Lake City, Utah, USA",2018-11-17 15:09,800,600
images/2018/salt-lake-city-utah-usa/0016-00000PORTRAIT_00000_BURST20181118163921352.webp,2018,"Salt Lake City, Utah, USA",2018-11-18 16:39,800,1067
images/2018/salt-lake-city-utah-usa/0017-IMG_20181121_105121.webp,2018,"Salt Lake City, Utah, USA",2018-11-21 08:51,800,600
images/2018/salt-lake-city-utah-usa/0018-IMG_20181121_110807.webp,2018,"Salt Lake City, Utah, USA",2018-11-21 09:08,800,1067
images/2018/salt-lake-city-utah-usa/0019-IMG_20181121_105129.webp,2018,"Salt Lake City, Utah, USA",2018-11-21 10:51,800,600
images/2018/salt-lake-city-utah-usa/0020-IMG_20181121_110811.webp,2018,"Salt Lake City, Utah, USA",2018-11-21 11:08,800,1067
images/2018/salt-lake-city-utah-usa/0021-IMG_20181121_110926.webp,2018,"Salt Lake City, Utah, USA",2018-11-21 11:09,800,1067
images/2018/salt-lake-city-utah-usa/0022-IMG_20181121_111713.webp,2018,"Salt Lake City, Utah, USA",2018-11-21 11:17,800,1067
images/2018/salt-lake-city-utah-usa/0023-IMG_20181121_132934.webp,2018,"Salt Lake City, Utah, USA",2018-11-21 13:29,800,1067
images/2018/salt-lake-city-utah-usa/0024-00000IMG_00000_BURST20181121183315379_COVER.webp,2018,"Salt Lake City, Utah, USA",2018-11-21 18:33,800,1067
images/2018/salt-lake-city-utah-usa/0025-IMG_20181121_211747.webp,2018,"Salt Lake City, Utah, USA",2018-11-21 21:17,800,600
images/2018/salt-lake-city-utah-usa/0026-00000PORTRAIT_00000_BURST20181122182102460.webp,2018,"Salt Lake City, Utah, USA",2018-11-22 16:21,800,1067
images/2018/salt-lake-city-utah-usa/0027-00100dPORTRAIT_00100_BURST20181122182229299_COVER.webp,2018,"Salt Lake City, Utah, USA",2018-11-22 16:22,800,1067
images/2018/salt-lake-city-utah-usa/0028-IMG_20181122_182026.webp,2018,"Salt Lake City, Utah, USA",2018-11-22 18:20,800,1067
images/2018/salt-lake-city-utah-usa/0029-IMG_20181123_163029.webp,2018,"Salt Lake City, Utah, USA",2018-11-23 14:30,800,1067
images/2018/salt-lake-city-utah-usa/0030-IMG_20181123_172557.webp,2018,"Salt Lake City, Utah, USA",2018-11-23 15:25,800,1067
images/2018/salt-lake-city-utah-usa/0031-IMG_20181123_173522.webp,2018,"Salt Lake City, Utah, USA",2018-11-23 15:35,800,1067
images/2018/salt-lake-city-utah-usa/0032-00100dPORTRAIT_00100_BURST20181123173559294_COVER.webp,2018,"Salt Lake City, Utah, USA",2018-11-23 15:35,800,1067
images/2018/salt-lake-city-utah-usa/0033-IMG_20181123_173741.webp,2018,"Salt Lake City, Utah, USA",2018-11-23 15:37,800,1067
images/2018/salt-lake-city-utah-usa/0034-COLOR_POP.webp,2018,"Salt Lake City, Utah, USA",2018-12-01 17:35,800,1067
images/2018/salt-lake-city-utah-usa/0035-IMG_20181201_193425.webp,2018,"Salt Lake City, Utah, USA",2018-12-01 19:34,800,1067
images/2018/salt-lake-city-utah-usa/0036-IMG_20181201_193540.webp,2018,"Salt Lake City, Utah, USA",2018-12-01 19:35,800,1067
images/2018/salt-lake-city-utah-usa/0037-IMG_20181201_193815.webp,2018,"Salt Lake City, Utah, USA",2018-12-01 19:38,800,1067
images/2018/salt-lake-city-utah-usa/0038-00100dPORTRAIT_00100_BURST20181201194430860_COVER.webp,2018,"Salt Lake City, Utah, USA",2018-12-01 19:44,800,1067
images/2018/salt-lake-city-utah-usa/0039-00000PORTRAIT_00000_BURST20181201194839313.webp,2018,"Salt Lake City, Utah, USA",2018-12-01 19:48,800,600
images/2018/salt-lake-city-utah-usa/0040-IMG_20181202_103423-EFFECTS.webp,2018,"Salt Lake City, Utah, USA",2018-12-02 08:34,800,1067
images/2018/salt-lake-city-utah-usa/0041-00100dPORTRAIT_00100_BURST20181202131423062_COVER.webp,2018,"Salt Lake City, Utah, USA",2018-12-02 11:14,800,600
images/2018/salt-lake-city-utah-usa/0042-00100dPORTRAIT_00100_BURST20181202141801979_COVER.webp,2018,"Salt Lake City, Utah, USA",2018-12-02 12:18,800,600
images/2018/salt-lake-city-utah-usa/0043-00100dPORTRAIT_00100_BURST20181202141811134_COVER.webp,2018,"Salt Lake City, Utah, USA",2018-12-02 12:18,800,600
images/2018/salt-lake-city-utah-usa/0044-00100dPORTRAIT_00100_BURST20181202141954749_COVER.webp,2018,"Salt Lake City, Utah, USA",2018-12-02 12:19,800,600
images/2018/salt-lake-city-utah-usa/0045-FB_IMG_1543877202036.webp,2018,"Salt Lake City, Utah, USA",2018-12-03 15:46,480,640
images/2018/salt-lake-city-utah-usa/0046-WuTa_2018-12-03_15-52-13.webp,2018,"Salt Lake City, Utah, USA",2018-12-03 15:52,800,1067
images/2018/salt-lake-city-utah-usa/0047-00100dPORTRAIT_00100_BURST20181207150519060_COVER.webp,2018,"Salt Lake City, Utah, USA",2018-12-07 13:05,800,600
images/2018/salt-lake-city-utah-usa/0048-00100dPORTRAIT_00100_BURST20181207160341924_COVER.webp,2018,"Salt Lake City, Utah, USA",2018-12-07 14:03,800,1067
images/2018/salt-lake-city-utah-usa/0049-00100dPORTRAIT_00100_BURST20181215161556613_COVER.webp,2018,"Salt Lake City, Utah, USA",2018-12-15 14:15,800,1067
images/2018/salt-lake-city-utah-usa/0050-00100dPORTRAIT_00100_BURST20181215161946823_COVER.webp,2018,"Salt Lake City, Utah, USA",2018-12-15 14:19,800,600
images/2018/salt-lake-city-utah-usa/0051-00100dPORTRAIT_00100_BURST20181215161953808_COVER.webp,2018,"Salt Lake City, Utah, USA",2018-12-15 14:19,800,600
images/2018/salt-lake-city-utah-usa/0052-00100dPORTRAIT_00100_BURST20181215161956508_COVER.webp,2018,"Salt Lake City, Utah, USA",2018-12-15 16:19,800,600
images/2018/salt-lake-city-utah-usa/0053-00100dPORTRAIT_00100_BURST20181215162146932_COVER.webp,2018,"Salt Lake City, Utah, USA",2018-12-15 16:21,800,1067
images/2018/salt-lake-city-utah-usa/0054-IMG_20181215_181059.webp,2018,"Salt Lake City, Utah, USA",2018-12-15 18:10,800,1067
images/2018/salt-lake-city-utah-usa/0055-00000PORTRAIT_00000_BURST20181221164225250.webp,2018,"Salt Lake City, Utah, USA",2018-12-21 14:42,800,600
images/2018/salt-lake-city-utah-usa/0056-00100dPORTRAIT_00100_BURST20181221164322739_COVER.webp,2018,"Salt Lake City, Utah, USA",2018-12-21 16:43,800,1067
images/2018/salt-lake-city-utah-usa/0057-00100dPORTRAIT_00100_BURST20181221164356015_COVER.webp,2018,"Salt Lake City, Utah, USA",2018-12-21 16:43,800,1067
images/2018/salt-lake-city-utah-usa/0058-00100dPORTRAIT_00100_BURST20181222183152158_COVER.webp,2018,"Salt Lake City, Utah, USA",2018-12-22 16:31,800,1067
images/2018/salt-lake-city-utah-usa/0059-IMG_20181222_183125.webp,2018,"Salt Lake City, Utah, USA",2018-12-22 18:31,800,1067
images/2018/salt-lake-city-utah-usa/0060-IMG_20181224_093346.webp,2018,"Salt Lake City, Utah, USA",2018-12-24 09:33,800,600
images/2018/salt-lake-city-utah-usa/0061-00000IMG_00000_BURST20181224164705513_COVER.webp,2018,"Salt Lake City, Utah, USA",2018-12-24 16:47,800,600
images/2018/salt-lake-city-utah-usa/0062-IMG_20181224_164809.webp,2018,"Salt Lake City, Utah, USA",2018-12-24 16:48,800,600
images/2018/salt-lake-city-utah-usa/0063-IMG_20181224_165251.webp,2018,"Salt Lake City, Utah, USA",2018-12-24 16:52,800,600
images/2019/salt-lake-city-utah-usa/0001-00100dPORTRAIT_00100_BURST20190102161714553_COVER.webp,2019,"Salt Lake City, Utah, USA",2019-01-02 14:17,800,600
images/2019/salt-lake-city-utah-usa/0002-00100dPORTRAIT_00100_BURST20190204134340618_COVER.webp,2019,"Salt Lake City, Utah, USA",2019-02-04 11:43,800,1067
images/2019/salt-lake-city-utah-usa/0003-00100dPORTRAIT_00100_BURST20190315141601208_COVER.webp,2019,"Salt Lake City, Utah, USA",2019-03-15 12:16,800,1067
images/2019/salt-lake-city-utah-usa/0004-00100dPORTRAIT_00100_BURST20190315164936847_COVER.webp,2019,"Salt Lake City, Utah, USA",2019-03-15 14:49,800,1067
images/2019/salt-lake-city-utah-usa/0005-IMG_20190323_123440.webp,2019,"Salt Lake City, Utah, USA",2019-03-23 12:34,800,600
images/2019/salt-lake-city-utah-usa/0006-IMG_20190323_123737.webp,2019,"Salt Lake City, Utah, USA",2019-03-23 12:37,800,600
images/2019/salt-lake-city-utah-usa/0007-IMG_20190323_123940.webp,2019,"Salt Lake City, Utah, USA",2019-03-23 12:39,800,1067
images/2019/salt-lake-city-utah-usa/0008-IMG_20190323_124512.webp,2019,"Salt Lake City, Utah, USA",2019-03-23 12:45,800,600
images/2019/salt-lake-city-utah-usa/0009-IMG_20190323_124631.webp,2019,"Salt Lake City, Utah, USA",2019-03-23 12:46,800,1067
images/2019/salt-lake-city-utah-usa/0010-IMG_20190323_130122.webp,2019,"Salt Lake City, Utah, USA",2019-03-23 13:01,800,1067
images/2019/salt-lake-city-utah-usa/0011-IMG_20190323_131316.webp,2019,"Salt Lake City, Utah, USA",2019-03-23 13:13,800,1067
images/2019/salt-lake-city-utah-usa/0012-IMG_20190323_131506.webp,2019,"Salt Lake City, Utah, USA",2019-03-23 13:15,800,1067
images/2019/salt-lake-city-utah-usa/0013-00100dPORTRAIT_00100_BURST20190323131649572_COVER.webp,2019,"Salt Lake City, Utah, USA",2019-03-23 13:16,800,1067
images/2019/salt-lake-city-utah-usa/0014-00100dPORTRAIT_00100_BURST20190323140835987_COVER.webp,2019,"Salt Lake City, Utah, USA",2019-03-23 14:08,800,1067
images/2019/salt-lake-city-utah-usa/0015-IMG_20190323_141040.webp,2019,"Salt Lake City, Utah, USA",2019-03-23 14:10,800,1067
images/2019/salt-lake-city-utah-usa/0016-IMG_20190323_141224.webp,2019,"Salt Lake City, Utah, USA",2019-03-23 14:12,800,1067
images/2019/salt-lake-city-utah-usa/0017-IMG_20190323_151327.webp,2019,"Salt Lake City, Utah, USA",2019-03-23 15:13,800,1067
images/2019/salt-lake-city-utah-usa/0018-00000PORTRAIT_00000_BURST20190323151450431.webp,2019,"Salt Lake City, Utah, USA",2019-03-23 15:14,800,1067
images/2019/salt-lake-city-utah-usa/0019-00100dPORTRAIT_00100_BURST20190323151612758_COVER.webp,2019,"Salt Lake City, Utah, USA",2019-03-23 15:16,800,600
images/2019/salt-lake-city-utah-usa/0020-00100dPORTRAIT_00100_BURST20190323153514373_COVER.webp,2019,"Salt Lake City, Utah, USA",2019-03-23 15:35,800,1067
images/2019/johnson-city-tennessee-usa/0001-00100dPORTRAIT_00100_BURST20190921182847612_COVER.webp,2019,"Johnson City, Tennessee, USA",2019-09-21 18:28,800,600
images/2019/johnson-city-tennessee-usa/0002-00100dPORTRAIT_00100_BURST20190921182953174_COVER.webp,2019,"Johnson City, Tennessee, USA",2019-09-21 18:29,800,600
images/2019/johnson-city-tennessee-usa/0003-00100dPORTRAIT_00100_BURST20190921183106147_COVER.webp,2019,"Johnson City, Tennessee, USA",2019-09-21 18:31,800,672
images/2019/johnson-city-tennessee-usa/0004-00100dPORTRAIT_00100_BURST20190921183107364_COVER.webp,2019,"Johnson City, Tennessee, USA",2019-09-21 18:31,800,626
images/2019/johnson-city-tennessee-usa/0005-00100dPORTRAIT_00100_BURST20190921183238479_COVER.webp,2019,"Johnson City, Tennessee, USA",2019-09-21 18:32,800,600
images/2019/johnson-city-tennessee-usa/0006-IMG_20191001_170203.webp,2019,"Johnson City, Tennessee, USA",2019-10-01 17:02,800,1067
images/2019/johnson-city-tennessee-usa/0007-IMG_20191012_210902.webp,2019,"Johnson City, Tennessee, USA",2019-10-12 21:09,800,1067
images/2019/johnson-city-tennessee-usa/0008-00100lPORTRAIT_00100_BURST20191012210951931_COVER.webp,2019,"Johnson City, Tennessee, USA",2019-10-12 21:09,800,1067
images/2019/johnson-city-tennessee-usa/0009-IMG_20191013_131144.webp,2019,"Johnson City, Tennessee, USA",2019-10-13 13:11,800,1067
images/2019/johnson-city-tennessee-usa/0010-IMG_20191013_145033.webp,2019,"Johnson City, Tennessee, USA",2019-10-13 14:50,800,1067
images/2019/johnson-city-tennessee-usa/0011-IMG_20191018_072244.webp,2019,"Johnson City, Tennessee, USA",2019-10-18 07:22,800,1067
images/2019/johnson-city-tennessee-usa/0012-IMG_20191018_072248.webp,2019,"Johnson City, Tennessee, USA",2019-10-18 07:22,800,1067
images/2019/johnson-city-tennessee-usa/0013-IMG_20191021_172342.webp,2019,"Johnson City, Tennessee, USA",2019-10-21 17:23,800,1067
images/2019/johnson-city-tennessee-usa/0014-IMG_20191021_172427.webp,2019,"Johnson City, Tennessee, USA",2019-10-21 17:24,800,1067
images/2019/johnson-city-tennessee-usa/0015-00100lPORTRAIT_00100_BURST20191026190356405_COVER.webp,2019,"Johnson City, Tennessee, USA",2019-10-26 19:03,800,1067
images/2019/johnson-city-tennessee-usa/0016-00100lPORTRAIT_00100_BURST20191026190557708_COVER.webp,2019,"Johnson City, Tennessee, USA",2019-10-26 19:05,800,1067
images/2019/johnson-city-tennessee-usa/0017-MVIMG_20191031_182742.webp,2019,"Johnson City, Tennessee, USA",2019-10-31 18:27,800,600
images/2019/johnson-city-tennessee-usa/0018-IMG_20191127_113107.webp,2019,"Johnson City, Tennessee, USA",2019-11-27 11:31,800,600
images/2019/johnson-city-tennessee-usa/0019-IMG_20191127_113107_1.webp,2019,"Johnson City, Tennessee, USA",2019-11-27 11:31,800,600
images/2019/johnson-city-tennessee-usa/0020-IMG_20191201_142125.webp,2019,"Johnson City, Tennessee, USA",2019-12-01 14:21,800,600
images/2019/johnson-city-tennessee-usa/0021-00000PORTRAIT_00000_BURST20191201142238718.webp,2019,"Johnson City, Tennessee, USA",2019-12-01 14:22,800,600
images/2019/johnson-city-tennessee-usa/0022-00100lrPORTRAIT_00100_BURST20191201142255165_COVER.webp,2019,"Johnson City, Tennessee, USA",2019-12-01 14:22,800,629
images/2019/johnson-city-tennessee-usa/0023-IMG_20191203_161427.webp,2019,"Johnson City, Tennessee, USA",2019-12-03 16:14,800,1067
images/2019/johnson-city-tennessee-usa/0024-IMG_20191203_161708.webp,2019,"Johnson City, Tennessee, USA",2019-12-03 16:17,800,1067
images/2019/johnson-city-tennessee-usa/0025-00100lrPORTRAIT_00100_BURST20191207130052399_COVER.webp,2019,"Johnson City, Tennessee, USA",2019-12-07 13:00,800,1067
images/2019/johnson-city-tennessee-usa/0026-MVIMG_20191207_174546_1.webp,2019,"Johnson City, Tennessee, USA",2019-12-07 17:45,800,1067
images/2019/johnson-city-tennessee-usa/0027-IMG_20191208_181944.webp,2019,"Johnson City, Tennessee, USA",2019-12-08 18:19,800,1067
images/2019/johnson-city-tennessee-usa/0028-IMG_20191210_182420.webp,2019,"Johnson City, Tennessee, USA",2019-12-10 18:24,800,600
images/2019/johnson-city-tennessee-usa/0029-IMG_20191210_183201.webp,2019,"Johnson City, Tennessee, USA",2019-12-10 18:32,800,600
images/2019/johnson-city-tennessee-usa/0030-IMG_20191210_183405.webp,2019,"Johnson City, Tennessee, USA",2019-12-10 18:34,800,600
images/2019/johnson-city-tennessee-usa/0031-IMG_20191213_151402.webp,2019,"Johnson City, Tennessee, USA",2019-12-13 15:14,800,600
images/2019/johnson-city-tennessee-usa/0032-MVIMG_20191213_214509.webp,2019,"Johnson City, Tennessee, USA",2019-12-13 21:45,800,1067
images/2019/johnson-city-tennessee-usa/0033-IMG_20191213_214511.webp,2019,"Johnson City, Tennessee, USA",2019-12-13 21:45,800,1067
images/2019/johnson-city-tennessee-usa/0034-00000IMG_00000_BURST20191214173930633_COVER.webp,2019,"Johnson City, Tennessee, USA",2019-12-14 17:39,800,600
images/2019/johnson-city-tennessee-usa/0035-00000IMG_00000_BURST20191214182411837_COVER.webp,2019,"Johnson City, Tennessee, USA",2019-12-14 18:24,800,1067
images/2019/johnson-city-tennessee-usa/0036-IMG_20191219_181916.webp,2019,"Johnson City, Tennessee, USA",2019-12-19 18:19,800,1067
images/2019/johnson-city-tennessee-usa/0037-IMG_20191221_123134.webp,2019,"Johnson City, Tennessee, USA",2019-12-21 12:31,800,1067
images/2019/johnson-city-tennessee-usa/0038-IMG_20191221_131425.webp,2019,"Johnson City, Tennessee, USA",2019-12-21 13:14,800,1067
images/2019/johnson-city-tennessee-usa/0039-IMG_20191221_154957.webp,2019,"Johnson City, Tennessee, USA",2019-12-21 15:49,800,1067
images/2019/johnson-city-tennessee-usa/0040-IMG_20191224_135335.webp,2019,"Johnson City, Tennessee, USA",2019-12-24 13:53,800,600
images/2019/johnson-city-tennessee-usa/0041-IMG_20191224_205620.webp,2019,"Johnson City, Tennessee, USA",2019-12-24 20:56,800,1067
images/2019/johnson-city-tennessee-usa/0042-IMG_20191224_221021.webp,2019,"Johnson City, Tennessee, USA",2019-12-24 22:10,800,600
images/2019/johnson-city-tennessee-usa/0043-IMG_20191225_083841_1.webp,2019,"Johnson City, Tennessee, USA",2019-12-25 08:38,800,1067
images/2020/johnson-city-tennessee-usa/0001-IMG_20200102_191333.webp,2020,"Johnson City, Tennessee, USA",2020-01-02 19:13,800,600
images/2020/johnson-city-tennessee-usa/0002-IMG_20200103_170243.webp,2020,"Johnson City, Tennessee, USA",2020-01-03 17:02,800,1067
images/2020/johnson-city-tennessee-usa/0003-IMG_20200325_152809.webp,2020,"Johnson City, Tennessee, USA",2020-03-25 15:28,800,600
images/2020/johnson-city-tennessee-usa/0004-00100lrPORTRAIT_00100_BURST20200330110421956_COVER.webp,2020,"Johnson City, Tennessee, USA",2020-03-30 11:04,800,600
images/2020/johnson-city-tennessee-usa/0005-00100lrPORTRAIT_00100_BURST20200405201953496_COVER.webp,2020,"Johnson City, Tennessee, USA",2020-04-05 20:19,800,1067
images/2020/johnson-city-tennessee-usa/0006-00100lrPORTRAIT_00100_BURST20200409121144444_COVER.webp,2020,"Johnson City, Tennessee, USA",2020-04-09 12:11,800,1067
images/2020/johnson-city-tennessee-usa/0007-00100lrPORTRAIT_00100_BURST20200409121225708_COVER.webp,2020,"Johnson City, Tennessee, USA",2020-04-09 12:12,800,1067
images/2020/johnson-city-tennessee-usa/0008-00100lrPORTRAIT_00100_BURST20200410172458418_COVER.webp,2020,"Johnson City, Tennessee, USA",2020-04-10 17:24,800,600
images/2020/johnson-city-tennessee-usa/0009-00100lrPORTRAIT_00100_BURST20200410172612961_COVER.webp,2020,"Johnson City, Tennessee, USA",2020-04-10 17:26,800,600
images/2020/johnson-city-tennessee-usa/0010-00100lrPORTRAIT_00100_BURST20200411173818392_COVER.webp,2020,"Johnson City, Tennessee, USA",2020-04-11 17:38,800,1067
images/2020/johnson-city-tennessee-usa/0011-IMG_20200416_182555.webp,2020,"Johnson City, Tennessee, USA",2020-04-16 18:25,800,1067
images/2020/johnson-city-tennessee-usa/0012-IMG_20200417_194001.webp,2020,"Johnson City, Tennessee, USA",2020-04-17 19:40,800,1067
images/2020/johnson-city-tennessee-usa/0013-IMG_20200417_201604~2.webp,2020,"Johnson City, Tennessee, USA",2020-04-17 20:16,800,1067
images/2020/johnson-city-tennessee-usa/0014-IMG_20200418_114956.webp,2020,"Johnson City, Tennessee, USA",2020-04-18 11:49,800,600
images/2020/johnson-city-tennessee-usa/0015-00000PORTRAIT_00000_BURST20200418172642509.webp,2020,"Johnson City, Tennessee, USA",2020-04-18 17:26,800,600
images/2020/johnson-city-tennessee-usa/0016-QVZjUlQ4Skl1SUhnM3J4TA.webp,2020,"Johnson City, Tennessee, USA",2020-04-19 02:48,800,797
images/2020/johnson-city-tennessee-usa/0017-IMG_20200421_092034.webp,2020,"Johnson City, Tennessee, USA",2020-04-21 09:20,800,1067
images/2020/johnson-city-tennessee-usa/0018-IMG_20200422_163853.webp,2020,"Johnson City, Tennessee, USA",2020-04-22 16:38,800,600
images/2020/johnson-city-tennessee-usa/0019-IMG_20200424_125734.webp,2020,"Johnson City, Tennessee, USA",2020-04-24 12:57,800,600
images/2020/johnson-city-tennessee-usa/0020-00100lrPORTRAIT_00100_BURST20200424131756625_COVER.webp,2020,"Johnson City, Tennessee, USA",2020-04-24 13:17,800,600
images/2020/johnson-city-tennessee-usa/0021-IMG_20200424_145351.webp,2020,"Johnson City, Tennessee, USA",2020-04-24 14:53,800,1067
images/2020/johnson-city-tennessee-usa/0022-MVIMG_20200424_145513.webp,2020,"Johnson City, Tennessee, USA",2020-04-24 14:55,800,1067
images/2020/johnson-city-tennessee-usa/0023-IMG_0011.webp,2020,"Johnson City, Tennessee, USA",2020-04-27 17:57,800,1067
images/2020/johnson-city-tennessee-usa/0024-IMG_0357.webp,2020,"Johnson City, Tennessee, USA",2020-05-14 18:59,480,640
images/2020/johnson-city-tennessee-usa/0025-IMG_0358.webp,2020,"Johnson City, Tennessee, USA",2020-05-14 19:14,720,521
images/2020/johnson-city-tennessee-usa/0026-IMG_0362.webp,2020,"Johnson City, Tennessee, USA",2020-05-14 19:23,800,601
images/2020/johnson-city-tennessee-usa/0027-IMG_0758.webp,2020,"Johnson City, Tennessee, USA",2020-05-26 16:03,800,1423
images/2020/johnson-city-tennessee-usa/0028-IMG_0759.webp,2020,"Johnson City, Tennessee, USA",2020-05-26 16:03,800,1423
images/2020/johnson-city-tennessee-usa/0029-IMG_0763.webp,2020,"Johnson City, Tennessee, USA",2020-05-26 17:45,800,600
images/2020/johnson-city-tennessee-usa/0030-IMG_0790.webp,2020,"Johnson City, Tennessee, USA",2020-05-28 12:44,800,1067
images/2020/johnson-city-tennessee-usa/0031-IMG_0796.webp,2020,"Johnson City, Tennessee, USA",2020-05-28 12:45,800,450
images/2020/johnson-city-tennessee-usa/0032-IMG_0823.webp,2020,"Johnson City, Tennessee, USA",2020-06-02 12:29,800,600
images/2020/johnson-city-tennessee-usa/0033-IMG_0833.webp,2020,"Johnson City, Tennessee, USA",2020-06-03 09:31,800,1067
images/2020/johnson-city-tennessee-usa/0034-IMG_20200603_193730.webp,2020,"Johnson City, Tennessee, USA",2020-06-03 19:37,800,600
images/2020/johnson-city-tennessee-usa/0035-00000PORTRAIT_00000_BURST20200605231728775.webp,2020,"Johnson City, Tennessee, USA",2020-06-05 23:17,800,600
images/2020/johnson-city-tennessee-usa/0036-IMG_0851.webp,2020,"Johnson City, Tennessee, USA",2020-06-07 19:23,800,600
images/2020/johnson-city-tennessee-usa/0037-IMG_0868.webp,2020,"Johnson City, Tennessee, USA",2020-06-09 22:44,800,1618
images/2020/johnson-city-tennessee-usa/0038-IMG_0881.webp,2020,"Johnson City, Tennessee, USA",2020-06-10 10:51,800,600
images/2020/johnson-city-tennessee-usa/0039-IMG_0912.webp,2020,"Johnson City, Tennessee, USA",2020-06-12 11:21,800,1067
images/2020/johnson-city-tennessee-usa/0040-IMG_0920.webp,2020,"Johnson City, Tennessee, USA",2020-06-12 15:22,800,1067
images/2013/jiamusi-heilongjiang-china/0015-IMG_1086.webp,2013,"Jiamusi, Heilongjiang, China",2020-07-06 19:27,480,640
images/2013/jiamusi-heilongjiang-china/0016-IMG_1087.webp,2013,"Jiamusi, Heilongjiang, China",2020-07-06 23:19,800,600
images/2013/jiamusi-heilongjiang-china/0017-IMG_1088.webp,2013,"Jiamusi, Heilongjiang, China",2020-07-06 23:21,800,600
images/2013/jiamusi-heilongjiang-china/0018-IMG_1089.webp,2013,"Jiamusi, Heilongjiang, China",2020-07-06 23:24,800,600
images/2013/jiamusi-heilongjiang-china/0019-FB_IMG_1594695969815.webp,2013,"Jiamusi, Heilongjiang, China",2020-07-13 23:06,800,587
images/2015/beijing-china/0001-QVZjVmdxVHRFejBxZkJybg.webp,2015,"Beijing, China",2020-07-15 10:10,800,800
images/2016/shanghai-china/0011-IMG_1157.webp,2016,"Shanghai, China",2020-07-17 23:17,800,600
images/2020/new-haven-connecticut-usa/0001-FB_IMG_1595799048407.webp,2020,"New Haven, Connecticut, USA",2020-07-26 17:30,720,960
images/2020/johnson-city-tennessee-usa/0041-IMG_20200813_130056.webp,2020,"Johnson City, Tennessee, USA",2020-08-13 13:00,800,1067
images/2020/johnson-city-tennessee-usa/0042-IMG_1562.webp,2020,"Johnson City, Tennessee, USA",2020-08-16 09:57,800,1002
images/2020/johnson-city-tennessee-usa/0043-IMG_1583.webp,2020,"Johnson City, Tennessee, USA",2020-08-19 10:53,800,600
images/2020/johnson-city-tennessee-usa/0044-IMG_1594.webp,2020,"Johnson City, Tennessee, USA",2020-08-19 17:59,800,600
images/2020/johnson-city-tennessee-usa/0045-QVZlN2I5a250TUZkelhReQ.webp,2020,"Johnson City, Tennessee, USA",2020-08-21 10:34,800,800
images/2020/johnson-city-tennessee-usa/0046-IMG_1637.webp,2020,"Johnson City, Tennessee, USA",2020-08-26 21:59,800,1067
images/2020/johnson-city-tennessee-usa/0047-IMG_1645.webp,2020,"Johnson City, Tennessee, USA",2020-08-27 21:49,800,1067
images/2020/johnson-city-tennessee-usa/0048-IMG_1646.webp,2020,"Johnson City, Tennessee, USA",2020-08-28 08:57,800,1067
images/2020/johnson-city-tennessee-usa/0049-IMG_1650.webp,2020,"Johnson City, Tennessee, USA",2020-08-28 10:06,800,1067
images/2020/johnson-city-tennessee-usa/0050-IMG_1662.webp,2020,"Johnson City, Tennessee, USA",2020-08-29 10:56,800,1067
images/2020/johnson-city-tennessee-usa/0051-IMG_1675.webp,2020,"Johnson City, Tennessee, USA",2020-08-31 16:37,800,1422
images/2020/johnson-city-tennessee-usa/0052-IMG_1677.webp,2020,"Johnson City, Tennessee, USA",2020-08-31 16:38,800,1422
images/2020/johnson-city-tennessee-usa/0053-00100dPORTRAIT_00100_BURST20200904125741565_COVER.webp,2020,"Johnson City, Tennessee, USA",2020-09-04 12:57,800,1067
images/2020/johnson-city-tennessee-usa/0054-IMG_1685.webp,2020,"Johnson City, Tennessee, USA",2020-09-04 14:56,800,1067
images/2020/johnson-city-tennessee-usa/0055-IMG_1690.webp,2020,"Johnson City, Tennessee, USA",2020-09-04 14:57,800,1067
images/2020/johnson-city-tennessee-usa/0056-IMG_20200905_132056.webp,2020,"Johnson City, Tennessee, USA",2020-09-05 13:20,800,1067
images/2020/johnson-city-tennessee-usa/0057-00100dPORTRAIT_00100_BURST20200905200608034_COVER.webp,2020,"Johnson City, Tennessee, USA",2020-09-05 20:06,800,600
images/2020/johnson-city-tennessee-usa/0058-IMG_1710.webp,2020,"Johnson City, Tennessee, USA",2020-09-06 20:43,800,1067
images/2020/johnson-city-tennessee-usa/0059-IMG_1713.webp,2020,"Johnson City, Tennessee, USA",2020-09-08 10:31,800,1067
images/2020/johnson-city-tennessee-usa/0060-IMG_1714.webp,2020,"Johnson City, Tennessee, USA",2020-09-08 10:32,800,1067
images/2020/johnson-city-tennessee-usa/0061-IMG_1720.webp,2020,"Johnson City, Tennessee, USA",2020-09-12 10:19,800,1067
images/2020/johnson-city-tennessee-usa/0062-IMG_20200912_103608.webp,2020,"Johnson City, Tennessee, USA",2020-09-12 10:36,800,1067
images/2020/johnson-city-tennessee-usa/0063-IMG_20200912_154844.webp,2020,"Johnson City, Tennessee, USA",2020-09-12 15:48,800,600
images/2020/johnson-city-tennessee-usa/0064-IMG_20200912_175050.webp,2020,"Johnson City, Tennessee, USA",2020-09-12 17:50,800,600
images/2020/johnson-city-tennessee-usa/0065-IMG_20200912_175343.webp,2020,"Johnson City, Tennessee, USA",2020-09-12 17:53,800,600
images/2020/johnson-city-tennessee-usa/0066-IMG_1726.webp,2020,"Johnson City, Tennessee, USA",2020-09-13 14:24,800,1067
images/2020/johnson-city-tennessee-usa/0067-IMG_20200913_161008.webp,2020,"Johnson City, Tennessee, USA",2020-09-13 16:10,800,600
images/2020/johnson-city-tennessee-usa/0068-IMG_1729.webp,2020,"Johnson City, Tennessee, USA",2020-09-13 16:11,800,600
images/2020/johnson-city-tennessee-usa/0069-IMG_1744.webp,2020,"Johnson City, Tennessee, USA",2020-09-16 09:11,800,600
images/2020/johnson-city-tennessee-usa/0070-IMG_1745.webp,2020,"Johnson City, Tennessee, USA",2020-09-16 09:16,800,600
images/2020/johnson-city-tennessee-usa/0071-IMG_1751.webp,2020,"Johnson City, Tennessee, USA",2020-09-16 16:56,800,1067
images/2020/johnson-city-tennessee-usa/0072-IMG_1757.webp,2020,"Johnson City, Tennessee, USA",2020-09-17 18:10,800,1067
images/2020/johnson-city-tennessee-usa/0073-00100dPORTRAIT_00100_BURST20200918181222529_COVER.webp,2020,"Johnson City, Tennessee, USA",2020-09-18 18:12,800,1067
images/2020/johnson-city-tennessee-usa/0074-00100dPORTRAIT_00100_BURST20200918183849596_COVER.webp,2020,"Johnson City, Tennessee, USA",2020-09-18 18:38,800,1067
images/2020/johnson-city-tennessee-usa/0075-IMG_1780.webp,2020,"Johnson City, Tennessee, USA",2020-09-21 17:44,800,1067
images/2020/johnson-city-tennessee-usa/0076-IMG_1821.webp,2020,"Johnson City, Tennessee, USA",2020-09-25 16:08,800,600
images/2020/johnson-city-tennessee-usa/0077-IMG_1822.webp,2020,"Johnson City, Tennessee, USA",2020-09-25 16:13,800,608
images/2020/johnson-city-tennessee-usa/0078-IMG_1825.webp,2020,"Johnson City, Tennessee, USA",2020-09-29 08:34,800,1067
images/2020/johnson-city-tennessee-usa/0079-IMG_1838.webp,2020,"Johnson City, Tennessee, USA",2020-10-02 09:51,800,600
images/2020/johnson-city-tennessee-usa/0080-IMG_1843.webp,2020,"Johnson City, Tennessee, USA",2020-10-02 09:52,800,600
images/2020/johnson-city-tennessee-usa/0081-00100dPORTRAIT_00100_BURST20201002130130208_COVER.webp,2020,"Johnson City, Tennessee, USA",2020-10-02 13:01,800,1067
images/2020/johnson-city-tennessee-usa/0082-00100sPORTRAIT_00100_BURST20201010111825405_COVER.webp,2020,"Johnson City, Tennessee, USA",2020-10-10 11:18,800,1067
images/2020/johnson-city-tennessee-usa/0083-IMG_1894.webp,2020,"Johnson City, Tennessee, USA",2020-10-14 13:54,800,1067
images/2020/johnson-city-tennessee-usa/0084-IMG_1898.webp,2020,"Johnson City, Tennessee, USA",2020-10-14 13:55,800,1067
images/2020/johnson-city-tennessee-usa/0085-IMG_1903.webp,2020,"Johnson City, Tennessee, USA",2020-10-14 13:58,800,600
images/2020/johnson-city-tennessee-usa/0086-IMG_1908.webp,2020,"Johnson City, Tennessee, USA",2020-10-14 14:00,800,600
images/2020/johnson-city-tennessee-usa/0087-IMG_1912.webp,2020,"Johnson City, Tennessee, USA",2020-10-14 14:37,800,1067
images/2020/johnson-city-tennessee-usa/0088-IMG_1918.webp,2020,"Johnson City, Tennessee, USA",2020-10-14 14:38,800,1067
images/2020/johnson-city-tennessee-usa/0089-IMG_1922.webp,2020,"Johnson City, Tennessee, USA",2020-10-15 10:39,800,1067
images/2020/johnson-city-tennessee-usa/0090-IMG_1929.webp,2020,"Johnson City, Tennessee, USA",2020-10-15 12:37,800,600
images/2020/johnson-city-tennessee-usa/0091-IMG_1930.webp,2020,"Johnson City, Tennessee, USA",2020-10-15 12:38,800,1067
images/2020/johnson-city-tennessee-usa/0092-IMG_1935.webp,2020,"Johnson City, Tennessee, USA",2020-10-15 12:39,800,600
images/2020/johnson-city-tennessee-usa/0093-IMG_1975.webp,2020,"Johnson City, Tennessee, USA",2020-10-16 15:31,800,1067
images/2020/johnson-city-tennessee-usa/0094-IMG_1987_1.webp,2020,"Johnson City, Tennessee, USA",2020-10-20 12:28,800,600
images/2020/johnson-city-tennessee-usa/0095-IMG_1993.webp,2020,"Johnson City, Tennessee, USA",2020-10-20 12:29,800,600
images/2020/johnson-city-tennessee-usa/0096-IMG_2005.webp,2020,"Johnson City, Tennessee, USA",2020-10-21 11:45,800,1067
images/2020/johnson-city-tennessee-usa/0097-IMG_2028.webp,2020,"Johnson City, Tennessee, USA",2020-10-24 11:45,800,600
images/2020/johnson-city-tennessee-usa/0098-IMG_2093.webp,2020,"Johnson City, Tennessee, USA",2020-10-24 12:06,800,600
images/2020/johnson-city-tennessee-usa/0099-IMG_2099.webp,2020,"Johnson City, Tennessee, USA",2020-10-24 12:09,800,600
images/2020/johnson-city-tennessee-usa/0100-IMG_2110.webp,2020,"Johnson City, Tennessee, USA",2020-10-24 12:10,800,600
images/2020/johnson-city-tennessee-usa/0101-IMG_2119.webp,2020,"Johnson City, Tennessee, USA",2020-10-24 12:13,800,1067
images/2020/johnson-city-tennessee-usa/0102-IMG_2136.webp,2020,"Johnson City, Tennessee, USA",2020-10-27 14:05,800,600
images/2020/johnson-city-tennessee-usa/0103-IMG_2150.webp,2020,"Johnson City, Tennessee, USA",2020-10-29 09:06,800,1067
images/2020/johnson-city-tennessee-usa/0104-IMG_20201030_182019.webp,2020,"Johnson City, Tennessee, USA",2020-10-30 18:20,800,1067
images/2020/johnson-city-tennessee-usa/0105-FB_IMG_1604110054932.webp,2020,"Johnson City, Tennessee, USA",2020-10-30 22:07,720,960
images/2020/johnson-city-tennessee-usa/0106-IMG_2153.webp,2020,"Johnson City, Tennessee, USA",2020-10-31 12:11,800,1067
images/2020/johnson-city-tennessee-usa/0107-IMG_2156.webp,2020,"Johnson City, Tennessee, USA",2020-10-31 12:13,800,1067
images/2020/johnson-city-tennessee-usa/0108-IMG_2160.webp,2020,"Johnson City, Tennessee, USA",2020-10-31 18:48,800,600
images/2020/johnson-city-tennessee-usa/0109-IMG_2169.webp,2020,"Johnson City, Tennessee, USA",2020-11-01 14:31,800,600
images/2020/johnson-city-tennessee-usa/0110-IMG_2170.webp,2020,"Johnson City, Tennessee, USA",2020-11-01 14:33,800,600
images/2020/johnson-city-tennessee-usa/0111-QVZmbXRlTWhtaEFlVnRmeA.webp,2020,"Johnson City, Tennessee, USA",2020-11-02 20:17,800,800
images/2020/johnson-city-tennessee-usa/0112-IMG_2174.webp,2020,"Johnson City, Tennessee, USA",2020-11-03 09:23,800,600
images/2020/johnson-city-tennessee-usa/0113-IMG_2182.webp,2020,"Johnson City, Tennessee, USA",2020-11-06 10:15,800,1067
images/2020/johnson-city-tennessee-usa/0114-IMG_2185.webp,2020,"Johnson City, Tennessee, USA",2020-11-06 10:17,800,1067
images/2020/johnson-city-tennessee-usa/0115-IMG_2189.webp,2020,"Johnson City, Tennessee, USA",2020-11-07 08:26,800,1067
images/2020/johnson-city-tennessee-usa/0116-IMG_2202_1.webp,2020,"Johnson City, Tennessee, USA",2020-11-08 08:26,800,1067
images/2020/johnson-city-tennessee-usa/0117-IMG_2214.webp,2020,"Johnson City, Tennessee, USA",2020-11-13 08:10,800,1067
images/2020/johnson-city-tennessee-usa/0118-IMG_2233.webp,2020,"Johnson City, Tennessee, USA",2020-11-17 07:54,800,600
images/2020/johnson-city-tennessee-usa/0119-IMG_2235.webp,2020,"Johnson City, Tennessee, USA",2020-11-17 11:45,800,1067
images/2020/johnson-city-tennessee-usa/0120-IMG_2251.webp,2020,"Johnson City, Tennessee, USA",2020-11-18 11:48,800,600
images/2020/johnson-city-tennessee-usa/0121-IMG_2264.webp,2020,"Johnson City, Tennessee, USA",2020-11-19 09:56,800,1067
images/2020/johnson-city-tennessee-usa/0122-IMG_2278.webp,2020,"Johnson City, Tennessee, USA",2020-11-19 09:58,800,600
images/2020/johnson-city-tennessee-usa/0123-IMG_2280.webp,2020,"Johnson City, Tennessee, USA",2020-11-19 16:49,800,1067
images/2020/johnson-city-tennessee-usa/0124-IMG_2305_1.webp,2020,"Johnson City, Tennessee, USA",2020-11-23 17:16,800,1067
images/2020/johnson-city-tennessee-usa/0125-IMG_2310.webp,2020,"Johnson City, Tennessee, USA",2020-11-23 19:30,800,1067
images/2020/johnson-city-tennessee-usa/0126-IMG_2312.webp,2020,"Johnson City, Tennessee, USA",2020-11-23 19:31,800,1067
images/2020/johnson-city-tennessee-usa/0127-IMG_20201124_194706(1).webp,2020,"Johnson City, Tennessee, USA",2020-11-24 19:47,800,600
images/2020/hilton-head-island-south-carolina-usa/0001-IMG_2425.webp,2020,"Hilton Head Island, South Carolina, USA",2020-11-27 13:52,800,1067
images/2020/hilton-head-island-south-carolina-usa/0002-IMG_2430.webp,2020,"Hilton Head Island, South Carolina, USA",2020-11-27 13:59,800,1067
images/2020/hilton-head-island-south-carolina-usa/0003-IMG_2437.webp,2020,"Hilton Head Island, South Carolina, USA",2020-11-27 15:45,800,600
images/2020/hilton-head-island-south-carolina-usa/0004-IMG_2441.webp,2020,"Hilton Head Island, South Carolina, USA",2020-11-27 15:46,800,600
images/2020/hilton-head-island-south-carolina-usa/0005-IMG_20201127_162111.webp,2020,"Hilton Head Island, South Carolina, USA",2020-11-27 16:21,800,600
images/2020/hilton-head-island-south-carolina-usa/0006-IMG_2453.webp,2020,"Hilton Head Island, South Carolina, USA",2020-11-27 17:36,800,600
images/2020/hilton-head-island-south-carolina-usa/0007-IMG_2463_1.webp,2020,"Hilton Head Island, South Carolina, USA",2020-11-27 17:52,800,599
images/2020/hilton-head-island-south-carolina-usa/0008-IMG_2466.webp,2020,"Hilton Head Island, South Carolina, USA",2020-11-27 19:26,800,600
images/2020/hilton-head-island-south-carolina-usa/0009-IMG_2470_1.webp,2020,"Hilton Head Island, South Carolina, USA",2020-11-28 17:16,800,600
images/2020/hilton-head-island-south-carolina-usa/0010-IMG_2479.webp,2020,"Hilton Head Island, South Carolina, USA",2020-11-28 17:28,800,600
images/2020/hilton-head-island-south-carolina-usa/0011-IMG_2481.webp,2020,"Hilton Head Island, South Carolina, USA",2020-11-28 17:29,800,600
images/2020/hilton-head-island-south-carolina-usa/0012-IMG_20201129_070920(1).webp,2020,"Hilton Head Island, South Carolina, USA",2020-11-29 07:09,800,600
images/2020/hilton-head-island-south-carolina-usa/0013-00100sPORTRAIT_00100_BURST20201129071108941_COVER.webp,2020,"Hilton Head Island, South Carolina, USA",2020-11-29 07:11,800,600
images/2020/hilton-head-island-south-carolina-usa/0014-00100sPORTRAIT_00100_BURST20201129090655429_COVER.webp,2020,"Hilton Head Island, South Carolina, USA",2020-11-29 09:06,800,600
images/2020/hilton-head-island-south-carolina-usa/0015-IMG_20201129_093058(1).webp,2020,"Hilton Head Island, South Carolina, USA",2020-11-29 09:30,800,600
images/2020/hilton-head-island-south-carolina-usa/0016-00100sPORTRAIT_00100_BURST20201129093209268_COVER.webp,2020,"Hilton Head Island, South Carolina, USA",2020-11-29 09:32,800,600
images/2020/hilton-head-island-south-carolina-usa/0017-IMG_20201129_093519_1.webp,2020,"Hilton Head Island, South Carolina, USA",2020-11-29 09:35,800,600
images/2020/hilton-head-island-south-carolina-usa/0018-00100sPORTRAIT_00100_BURST20201129093814464_COVER.webp,2020,"Hilton Head Island, South Carolina, USA",2020-11-29 09:38,800,600
images/2020/hilton-head-island-south-carolina-usa/0019-00100sPORTRAIT_00100_BURST20201129093925271_COVER.webp,2020,"Hilton Head Island, South Carolina, USA",2020-11-29 09:39,800,1067
images/2020/johnson-city-tennessee-usa/0128-IMG_2515.webp,2020,"Johnson City, Tennessee, USA",2020-12-02 18:35,800,600
images/2020/johnson-city-tennessee-usa/0129-IMG_2520.webp,2020,"Johnson City, Tennessee, USA",2020-12-03 12:00,800,1067
images/2020/johnson-city-tennessee-usa/0130-IMG_2545.webp,2020,"Johnson City, Tennessee, USA",2020-12-04 11:02,800,1067
images/2020/johnson-city-tennessee-usa/0131-IMG_2576_1.webp,2020,"Johnson City, Tennessee, USA",2020-12-07 18:32,800,1067
images/2020/johnson-city-tennessee-usa/0132-IMG_2600.webp,2020,"Johnson City, Tennessee, USA",2020-12-07 23:35,800,998
images/2020/johnson-city-tennessee-usa/0133-IMG_20201211_172533.webp,2020,"Johnson City, Tennessee, USA",2020-12-11 17:25,800,600
images/2020/johnson-city-tennessee-usa/0134-IMG_20201211_173508(1).webp,2020,"Johnson City, Tennessee, USA",2020-12-11 17:35,800,1067
images/2020/johnson-city-tennessee-usa/0135-IMG_2631.webp,2020,"Johnson City, Tennessee, USA",2020-12-14 10:28,800,1422
images/2020/johnson-city-tennessee-usa/0136-IMG_2633.webp,2020,"Johnson City, Tennessee, USA",2020-12-14 14:44,800,1422
images/2020/johnson-city-tennessee-usa/0137-IMG_2657.webp,2020,"Johnson City, Tennessee, USA",2020-12-18 16:28,800,1067
images/2020/johnson-city-tennessee-usa/0138-00100dPORTRAIT_00100_BURST20201219143342413_COVER.webp,2020,"Johnson City, Tennessee, USA",2020-12-19 14:33,800,600
images/2020/johnson-city-tennessee-usa/0139-IMG_2688.webp,2020,"Johnson City, Tennessee, USA",2020-12-19 20:45,800,1062
images/2020/johnson-city-tennessee-usa/0140-IMG_2690.webp,2020,"Johnson City, Tennessee, USA",2020-12-22 10:48,800,1422
images/2020/johnson-city-tennessee-usa/0141-IMG_2691.webp,2020,"Johnson City, Tennessee, USA",2020-12-22 18:36,800,1067
images/2020/johnson-city-tennessee-usa/0142-IMG_2692.webp,2020,"Johnson City, Tennessee, USA",2020-12-22 18:39,800,1422
images/2020/johnson-city-tennessee-usa/0143-IMG_2693.webp,2020,"Johnson City, Tennessee, USA",2020-12-22 18:43,800,1066
images/2020/johnson-city-tennessee-usa/0144-IMG_2695.webp,2020,"Johnson City, Tennessee, USA",2020-12-23 13:47,800,1422
images/2020/johnson-city-tennessee-usa/0145-IMG_2696.webp,2020,"Johnson City, Tennessee, USA",2020-12-23 13:49,800,1422
images/2020/johnson-city-tennessee-usa/0146-IMG_2697.webp,2020,"Johnson City, Tennessee, USA",2020-12-23 13:52,800,1422
images/2020/johnson-city-tennessee-usa/0147-IMG_2700.webp,2020,"Johnson City, Tennessee, USA",2020-12-23 14:19,800,1422
images/2020/johnson-city-tennessee-usa/0148-IMG_20201225_083801.webp,2020,"Johnson City, Tennessee, USA",2020-12-25 08:38,800,600
images/2020/johnson-city-tennessee-usa/0149-IMG_2754.webp,2020,"Johnson City, Tennessee, USA",2020-12-25 18:39,800,1067
images/2020/johnson-city-tennessee-usa/0150-IMG_2759.webp,2020,"Johnson City, Tennessee, USA",2020-12-26 11:31,800,533
images/2020/johnson-city-tennessee-usa/0151-IMG_2771.webp,2020,"Johnson City, Tennessee, USA",2020-12-27 12:40,392,594
images/2020/johnson-city-tennessee-usa/0152-IMG_2772.webp,2020,"Johnson City, Tennessee, USA",2020-12-27 12:42,800,1067
images/2020/johnson-city-tennessee-usa/0153-IMG_2773.webp,2020,"Johnson City, Tennessee, USA",2020-12-27 12:48,800,1423
images/2020/johnson-city-tennessee-usa/0154-IMG_20201227_170950(1).webp,2020,"Johnson City, Tennessee, USA",2020-12-27 17:09,800,600
images/2015/qingdao-shandong-china/0034-IMG_2864.webp,2015,"Qingdao, Shandong, China",2021-01-12 18:45,800,652
images/2021/johnson-city-tennessee-usa/0001-QVZkcnoyTmJEMkZ0MnVjcg.webp,2021,"Johnson City, Tennessee, USA",2021-02-20 22:05,800,800
images/2021/johnson-city-tennessee-usa/0002-IMG_3187.webp,2021,"Johnson City, Tennessee, USA",2021-03-04 08:43,800,1067
images/2021/johnson-city-tennessee-usa/0003-IMG_3210.webp,2021,"Johnson City, Tennessee, USA",2021-03-04 14:21,800,1100
images/2021/johnson-city-tennessee-usa/0004-IMG_3366.webp,2021,"Johnson City, Tennessee, USA",2021-03-16 08:28,800,800
images/2021/johnson-city-tennessee-usa/0005-QVZjOFJqR0Q4aTdYeXU1ZA.webp,2021,"Johnson City, Tennessee, USA",2021-03-24 15:43,800,800
images/2021/johnson-city-tennessee-usa/0006-QVZjZGRPVklqaU14WXg1dA.webp,2021,"Johnson City, Tennessee, USA",2021-04-20 18:12,800,800
images/2021/johnson-city-tennessee-usa/0007-IMG_3883.webp,2021,"Johnson City, Tennessee, USA",2021-04-22 18:54,800,1067
images/2021/johnson-city-tennessee-usa/0008-IMG_3951.webp,2021,"Johnson City, Tennessee, USA",2021-04-29 11:15,800,1067
images/2021/johnson-city-tennessee-usa/0009-IMG_3952.webp,2021,"Johnson City, Tennessee, USA",2021-04-29 11:17,800,1067
images/2021/johnson-city-tennessee-usa/0010-IMG_3985.webp,2021,"Johnson City, Tennessee, USA",2021-05-01 14:06,800,1067
images/2021/johnson-city-tennessee-usa/0011-00100sPORTRAIT_00100_BURST20210505182318857_COVER.webp,2021,"Johnson City, Tennessee, USA",2021-05-05 18:23,800,1067
images/2021/johnson-city-tennessee-usa/0012-IMG_20210505_183804.webp,2021,"Johnson City, Tennessee, USA",2021-05-05 18:38,800,1067
images/2021/johnson-city-tennessee-usa/0013-IMG_3997.webp,2021,"Johnson City, Tennessee, USA",2021-05-05 19:02,800,1067
images/2021/johnson-city-tennessee-usa/0014-IMG_20210508_090753(1).webp,2021,"Johnson City, Tennessee, USA",2021-05-08 09:07,800,600
images/2021/myrtle-beach-south-carolina-usa/0001-IMG_4048.webp,2021,"Myrtle Beach, South Carolina, USA",2021-05-10 12:18,800,600
images/2021/myrtle-beach-south-carolina-usa/0002-IMG_20210510_140452.webp,2021,"Myrtle Beach, South Carolina, USA",2021-05-10 14:04,800,1067
images/2021/myrtle-beach-south-carolina-usa/0003-00100dPORTRAIT_00100_BURST20210510140653417_COVER.webp,2021,"Myrtle Beach, South Carolina, USA",2021-05-10 14:06,800,1067
images/2021/myrtle-beach-south-carolina-usa/0004-IMG_20210510_141101(1).webp,2021,"Myrtle Beach, South Carolina, USA",2021-05-10 14:11,800,1067
images/2021/myrtle-beach-south-carolina-usa/0005-IMG_20210511_140808.webp,2021,"Myrtle Beach, South Carolina, USA",2021-05-11 14:08,800,1067
images/2021/myrtle-beach-south-carolina-usa/0006-00100sPORTRAIT_00100_BURST20210511152234674_COVER.webp,2021,"Myrtle Beach, South Carolina, USA",2021-05-11 15:22,800,1067
images/2021/myrtle-beach-south-carolina-usa/0007-IMG_20210512_144311.webp,2021,"Myrtle Beach, South Carolina, USA",2021-05-12 14:43,800,1067
images/2021/myrtle-beach-south-carolina-usa/0008-IMG_4076.webp,2021,"Myrtle Beach, South Carolina, USA",2021-05-12 19:25,800,600
images/2021/johnson-city-tennessee-usa/0015-IMG_4113.webp,2021,"Johnson City, Tennessee, USA",2021-05-15 18:41,800,1067
images/2021/johnson-city-tennessee-usa/0016-IMG_20210516_151605~2.webp,2021,"Johnson City, Tennessee, USA",2021-05-16 15:16,800,1067
images/2021/johnson-city-tennessee-usa/0017-IMG_4198.webp,2021,"Johnson City, Tennessee, USA",2021-05-18 18:38,800,656
images/2021/asheville-north-carolina-usa/0001-IMG_4369.webp,2021,"Asheville, North Carolina, USA",2021-05-29 11:51,800,600
images/2021/asheville-north-carolina-usa/0002-IMG_4372.webp,2021,"Asheville, North Carolina, USA",2021-05-29 12:57,800,1067
images/2021/asheville-north-carolina-usa/0003-IMG_4377.webp,2021,"Asheville, North Carolina, USA",2021-05-29 13:52,800,1067
images/2021/asheville-north-carolina-usa/0004-IMG_4389.webp,2021,"Asheville, North Carolina, USA",2021-05-29 14:12,800,600
images/2021/asheville-north-carolina-usa/0005-IMG_4393.webp,2021,"Asheville, North Carolina, USA",2021-05-29 14:19,800,600
images/2021/johnson-city-tennessee-usa/0018-IMG_20210601_185143.webp,2021,"Johnson City, Tennessee, USA",2021-06-01 18:51,800,600
images/2021/johnson-city-tennessee-usa/0019-IMG_4418.webp,2021,"Johnson City, Tennessee, USA",2021-06-02 15:26,800,600
images/2021/johnson-city-tennessee-usa/0020-IMG_4419.webp,2021,"Johnson City, Tennessee, USA",2021-06-02 21:48,800,600
images/2021/johnson-city-tennessee-usa/0021-IMG_20210603_192701.webp,2021,"Johnson City, Tennessee, USA",2021-06-03 19:27,800,1067
images/2021/johnson-city-tennessee-usa/0022-00100sPORTRAIT_00100_BURST20210604184744643_COVER.webp,2021,"Johnson City, Tennessee, USA",2021-06-04 18:47,800,600
images/2021/johnson-city-tennessee-usa/0023-IMG_4450.webp,2021,"Johnson City, Tennessee, USA",2021-06-10 10:01,800,1067
images/2021/johnson-city-tennessee-usa/0024-IMG_4512.webp,2021,"Johnson City, Tennessee, USA",2021-06-17 17:23,800,1067
images/2021/johnson-city-tennessee-usa/0025-00100dPORTRAIT_00100_BURST20210617203039216_COVER.webp,2021,"Johnson City, Tennessee, USA",2021-06-17 20:30,800,1067
images/2021/johnson-city-tennessee-usa/0026-IMG_4534.webp,2021,"Johnson City, Tennessee, USA",2021-06-19 20:11,800,599
images/2021/johnson-city-tennessee-usa/0027-IMG_4536.webp,2021,"Johnson City, Tennessee, USA",2021-06-20 08:53,800,600
images/2021/johnson-city-tennessee-usa/0028-IMG_4670.webp,2021,"Johnson City, Tennessee, USA",2021-07-01 16:55,800,1067
images/2021/johnson-city-tennessee-usa/0029-IMG_4674.webp,2021,"Johnson City, Tennessee, USA",2021-07-01 17:27,800,1067
images/2021/johnson-city-tennessee-usa/0030-IMG_4687.webp,2021,"Johnson City, Tennessee, USA",2021-07-02 17:45,800,1066
images/2021/johnson-city-tennessee-usa/0031-IMG_4725.webp,2021,"Johnson City, Tennessee, USA",2021-07-04 21:06,800,599
images/2021/johnson-city-tennessee-usa/0032-IMG_4729.webp,2021,"Johnson City, Tennessee, USA",2021-07-04 23:29,800,1068
images/2021/johnson-city-tennessee-usa/0033-IMG_4772.webp,2021,"Johnson City, Tennessee, USA",2021-07-08 16:57,800,1067
images/2021/johnson-city-tennessee-usa/0034-IMG_4840.webp,2021,"Johnson City, Tennessee, USA",2021-07-13 17:08,800,1067
images/2021/johnson-city-tennessee-usa/0035-QVZmWUFnenZLOHV6dC1rZA.webp,2021,"Johnson City, Tennessee, USA",2021-07-27 14:55,800,800
images/2021/johnson-city-tennessee-usa/0036-IMG_5003.webp,2021,"Johnson City, Tennessee, USA",2021-08-02 14:33,800,1067
images/2021/johnson-city-tennessee-usa/0037-IMG_5005.webp,2021,"Johnson City, Tennessee, USA",2021-08-02 14:37,800,1067
images/2021/johnson-city-tennessee-usa/0038-IMG_5127.webp,2021,"Johnson City, Tennessee, USA",2021-08-11 16:09,800,600
images/2021/johnson-city-tennessee-usa/0039-IMG_5131.webp,2021,"Johnson City, Tennessee, USA",2021-08-11 16:11,800,600
images/2021/johnson-city-tennessee-usa/0040-PXL_20210904_004121982.PORTRAIT.webp,2021,"Johnson City, Tennessee, USA",2021-09-03 20:41,800,600
images/2021/johnson-city-tennessee-usa/0041-PXL_20210904_004238367.webp,2021,"Johnson City, Tennessee, USA",2021-09-03 20:42,800,1067
images/2021/johnson-city-tennessee-usa/0042-PXL_20210904_004344670~2.webp,2021,"Johnson City, Tennessee, USA",2021-09-03 20:43,800,1067
images/2021/johnson-city-tennessee-usa/0043-PXL_20210904_131437332~2.webp,2021,"Johnson City, Tennessee, USA",2021-09-04 09:14,800,1067
images/2021/johnson-city-tennessee-usa/0044-PXL_20210906_175210858.webp,2021,"Johnson City, Tennessee, USA",2021-09-06 13:52,800,1067
images/2021/johnson-city-tennessee-usa/0045-PXL_20210918_174302113.webp,2021,"Johnson City, Tennessee, USA",2021-09-18 13:43,800,600
images/2021/johnson-city-tennessee-usa/0046-IMG_5368.webp,2021,"Johnson City, Tennessee, USA",2021-09-23 09:24,800,1067
images/2021/johnson-city-tennessee-usa/0047-IMG_5396.webp,2021,"Johnson City, Tennessee, USA",2021-09-27 17:18,800,1067
images/2021/johnson-city-tennessee-usa/0048-IMG_5410.webp,2021,"Johnson City, Tennessee, USA",2021-09-28 15:29,800,1067
images/2021/johnson-city-tennessee-usa/0049-PXL_20211024_230558678.webp,2021,"Johnson City, Tennessee, USA",2021-10-24 19:05,800,600
images/2021/johnson-city-tennessee-usa/0050-IMG_5532.webp,2021,"Johnson City, Tennessee, USA",2021-10-26 12:06,800,1067
images/2021/johnson-city-tennessee-usa/0051-PXL_20211030_154319414-edited.webp,2021,"Johnson City, Tennessee, USA",2021-10-30 11:43,800,1067
images/2021/johnson-city-tennessee-usa/0052-PXL_20211031_005111522.PORTRAIT.webp,2021,"Johnson City, Tennessee, USA",2021-10-30 20:51,800,1067
images/2021/johnson-city-tennessee-usa/0053-IMG_5574.webp,2021,"Johnson City, Tennessee, USA",2021-10-31 16:14,800,1067
images/2021/johnson-city-tennessee-usa/0054-PXL_20211101_000430392.webp,2021,"Johnson City, Tennessee, USA",2021-10-31 20:04,800,1067
images/2021/johnson-city-tennessee-usa/0055-PXL_20211102_003605344.webp,2021,"Johnson City, Tennessee, USA",2021-11-01 20:36,800,1067
images/2021/johnson-city-tennessee-usa/0056-PXL_20211105_220631054.webp,2021,"Johnson City, Tennessee, USA",2021-11-05 18:06,800,1067
images/2021/johnson-city-tennessee-usa/0057-PXL_20211105_220741617.PORTRAIT.webp,2021,"Johnson City, Tennessee, USA",2021-11-05 18:07,800,1067
images/2021/johnson-city-tennessee-usa/0058-PXL_20211105_221116005.webp,2021,"Johnson City, Tennessee, USA",2021-11-05 18:11,800,600
images/2021/johnson-city-tennessee-usa/0059-PXL_20211105_222145728.NIGHT.webp,2021,"Johnson City, Tennessee, USA",2021-11-05 18:21,800,1067
images/2021/johnson-city-tennessee-usa/0060-IMG_5709.webp,2021,"Johnson City, Tennessee, USA",2021-11-19 15:18,800,1067
images/2021/johnson-city-tennessee-usa/0061-IMG_5710.webp,2021,"Johnson City, Tennessee, USA",2021-11-19 15:20,800,600
images/2021/johnson-city-tennessee-usa/0062-IMG_5781.webp,2021,"Johnson City, Tennessee, USA",2021-11-20 15:26,800,600
images/2021/johnson-city-tennessee-usa/0063-IMG_5822.webp,2021,"Johnson City, Tennessee, USA",2021-11-20 15:33,800,600
images/2021/johnson-city-tennessee-usa/0064-IMG_5856.webp,2021,"Johnson City, Tennessee, USA",2021-11-20 19:14,800,599
images/2021/johnson-city-tennessee-usa/0065-PXL_20211125_165708769.webp,2021,"Johnson City, Tennessee, USA",2021-11-25 11:57,800,600
images/2021/johnson-city-tennessee-usa/0066-IMG_5864.webp,2021,"Johnson City, Tennessee, USA",2021-11-26 17:51,800,595
images/2021/johnson-city-tennessee-usa/0067-PXL_20211127_172833590~3.webp,2021,"Johnson City, Tennessee, USA",2021-11-27 12:28,800,600
images/2021/johnson-city-tennessee-usa/0068-PXL_20211127_173048873~3.webp,2021,"Johnson City, Tennessee, USA",2021-11-27 12:30,800,1067
images/2021/johnson-city-tennessee-usa/0069-PXL_20211127_173951303.webp,2021,"Johnson City, Tennessee, USA",2021-11-27 12:39,800,600
images/2021/johnson-city-tennessee-usa/0070-PXL_20211127_174118755.webp,2021,"Johnson City, Tennessee, USA",2021-11-27 12:41,800,600
images/2021/johnson-city-tennessee-usa/0071-PXL_20211127_180500500.PORTRAIT.webp,2021,"Johnson City, Tennessee, USA",2021-11-27 13:05,800,1067
images/2021/johnson-city-tennessee-usa/0072-PXL_20211127_180546486.PORTRAIT.webp,2021,"Johnson City, Tennessee, USA",2021-11-27 13:05,800,1067
images/2021/johnson-city-tennessee-usa/0073-PXL_20211204_235732812.PORTRAIT.webp,2021,"Johnson City, Tennessee, USA",2021-12-04 18:57,800,1067
images/2021/johnson-city-tennessee-usa/0074-PXL_20211210_210402807.webp,2021,"Johnson City, Tennessee, USA",2021-12-10 16:04,800,1067
images/2021/johnson-city-tennessee-usa/0075-IMG_5932.webp,2021,"Johnson City, Tennessee, USA",2021-12-11 13:06,800,600
images/2021/johnson-city-tennessee-usa/0076-PXL_20211211_215557404~2.webp,2021,"Johnson City, Tennessee, USA",2021-12-11 16:55,800,600
images/2021/johnson-city-tennessee-usa/0077-PXL_20211211_215732327~2.webp,2021,"Johnson City, Tennessee, USA",2021-12-11 16:57,800,600
images/2021/johnson-city-tennessee-usa/0078-IMG_5939.webp,2021,"Johnson City, Tennessee, USA",2021-12-11 17:36,800,600
images/2021/johnson-city-tennessee-usa/0079-IMG_5958.webp,2021,"Johnson City, Tennessee, USA",2021-12-16 15:36,800,600
images/2021/johnson-city-tennessee-usa/0080-PXL_20211216_225605263.webp,2021,"Johnson City, Tennessee, USA",2021-12-16 17:56,800,600
images/2021/johnson-city-tennessee-usa/0081-IMG_5968.webp,2021,"Johnson City, Tennessee, USA",2021-12-17 17:45,800,1067
images/2021/johnson-city-tennessee-usa/0082-IMG_5974.webp,2021,"Johnson City, Tennessee, USA",2021-12-21 11:48,800,1067
images/2021/johnson-city-tennessee-usa/0083-PXL_20211222_035224004.PORTRAIT.webp,2021,"Johnson City, Tennessee, USA",2021-12-21 22:52,800,1067
images/2021/johnson-city-tennessee-usa/0084-PXL_20211225_000808402.webp,2021,"Johnson City, Tennessee, USA",2021-12-24 19:08,800,1067
images/2021/johnson-city-tennessee-usa/0085-PXL_20211225_013001195.PORTRAIT.webp,2021,"Johnson City, Tennessee, USA",2021-12-24 20:30,800,600
images/2021/johnson-city-tennessee-usa/0086-PXL_20211225_013154571.webp,2021,"Johnson City, Tennessee, USA",2021-12-24 20:31,800,1067
images/2021/johnson-city-tennessee-usa/0087-PXL_20211225_013301660.PORTRAIT.webp,2021,"Johnson City, Tennessee, USA",2021-12-24 20:33,800,1067
images/2022/elizabethton-tennessee-usa/0001-IMG_6796.webp,2022,"Elizabethton, Tennessee, USA",2022-05-13 15:54,800,600
images/2022/elizabethton-tennessee-usa/0002-IMG_20220714_204419~2.webp,2022,"Elizabethton, Tennessee, USA",2022-07-14 20:46,800,600
images/2022/elizabethton-tennessee-usa/0003-IMG_7887.webp,2022,"Elizabethton, Tennessee, USA",2022-11-19 19:15,800,1067
images/2022/elizabethton-tennessee-usa/0004-QVZlWDVuV1B3NU5RUDUzNA.webp,2022,"Elizabethton, Tennessee, USA",2022-11-19 23:02,720,960
images/2022/elizabethton-tennessee-usa/0005-IMG_7918.webp,2022,"Elizabethton, Tennessee, USA",2022-11-22 12:05,800,600
images/2022/elizabethton-tennessee-usa/0006-IMG_7926.webp,2022,"Elizabethton, Tennessee, USA",2022-11-24 11:51,800,1067
images/2022/elizabethton-tennessee-usa/0007-IMG_7933.webp,2022,"Elizabethton, Tennessee, USA",2022-11-24 11:53,800,600
images/2022/elizabethton-tennessee-usa/0008-QVZkbnNpbnJpUGZBYTRWQw.webp,2022,"Elizabethton, Tennessee, USA",2022-11-24 15:04,800,600
images/2022/elizabethton-tennessee-usa/0009-QVZkRjJtLWpiZ2tRLVIxMw.webp,2022,"Elizabethton, Tennessee, USA",2022-12-01 01:12,800,600
images/2022/nags-head-north-carolina-usa/0001-IMG_8334.webp,2022,"Nags Head, North Carolina, USA",2022-12-31 07:08,800,600
images/2022/nags-head-north-carolina-usa/0002-QVZmMDFYcGU5TFU1YUdXZg.webp,2022,"Nags Head, North Carolina, USA",2022-12-31 07:24,800,600
images/2022/nags-head-north-carolina-usa/0003-IMG_8341.webp,2022,"Nags Head, North Carolina, USA",2022-12-31 17:17,800,600
images/2022/nags-head-north-carolina-usa/0004-IMG_8342.webp,2022,"Nags Head, North Carolina, USA",2022-12-31 17:20,800,1067
images/2022/nags-head-north-carolina-usa/0005-IMG_8349.webp,2022,"Nags Head, North Carolina, USA",2022-12-31 17:40,800,1067
images/2023/elizabethton-tennessee-usa/0001-IMG_0697.webp,2023,"Elizabethton, Tennessee, USA",2023-07-19 19:12,800,600
images/2023/elizabethton-tennessee-usa/0002-PXL_20231007_192613473.MP.webp,2023,"Elizabethton, Tennessee, USA",2023-10-07 15:26,800,1067
images/2023/elizabethton-tennessee-usa/0003-PXL_20231007_192905911.MP.webp,2023,"Elizabethton, Tennessee, USA",2023-10-07 15:29,800,1067
images/2023/elizabethton-tennessee-usa/0004-PXL_20231007_193221118.MP.webp,2023,"Elizabethton, Tennessee, USA",2023-10-07 15:32,800,1067
images/2023/elizabethton-tennessee-usa/0005-PXL_20231007_193534093.MP.webp,2023,"Elizabethton, Tennessee, USA",2023-10-07 15:35,800,1067
images/2023/elizabethton-tennessee-usa/0006-PXL_20231007_193734893.MP.webp,2023,"Elizabethton, Tennessee, USA",2023-10-07 15:37,800,1067
images/2023/herndon-virginia-usa/0001-PXL_20231110_145124692.webp,2023,"Herndon, Virginia, USA",2023-11-10 09:51,800,600
images/2023/herndon-virginia-usa/0002-PXL_20231110_200818319.webp,2023,"Herndon, Virginia, USA",2023-11-10 15:08,800,600
images/2023/herndon-virginia-usa/0003-PXL_20231110_201033513.webp,2023,"Herndon, Virginia, USA",2023-11-10 15:10,800,600
images/2023/herndon-virginia-usa/0004-PXL_20231110_203205582.webp,2023,"Herndon, Virginia, USA",2023-11-10 15:32,800,1067
images/2023/elizabethton-tennessee-usa/0007-IMG_1987.webp,2023,"Elizabethton, Tennessee, USA",2023-11-23 12:40,800,600
images/2023/elizabethton-tennessee-usa/0008-IMG_1992.webp,2023,"Elizabethton, Tennessee, USA",2023-11-23 12:45,800,600
images/2023/elizabethton-tennessee-usa/0009-IMG_2018.webp,2023,"Elizabethton, Tennessee, USA",2023-11-23 12:49,800,600
images/2023/elizabethton-tennessee-usa/0010-IMG_2150.webp,2023,"Elizabethton, Tennessee, USA",2023-11-26 18:15,800,1067
images/2023/elizabethton-tennessee-usa/0011-IMG_2203.webp,2023,"Elizabethton, Tennessee, USA",2023-12-02 16:12,800,1067
images/2023/elizabethton-tennessee-usa/0012-IMG_2218.webp,2023,"Elizabethton, Tennessee, USA",2023-12-03 17:50,800,600
images/2023/elizabethton-tennessee-usa/0013-IMG_2231.webp,2023,"Elizabethton, Tennessee, USA",2023-12-05 09:44,800,1067
images/2023/elizabethton-tennessee-usa/0014-IMG_2239.webp,2023,"Elizabethton, Tennessee, USA",2023-12-05 09:46,800,600
images/2023/elizabethton-tennessee-usa/0015-IMG_2246.webp,2023,"Elizabethton, Tennessee, USA",2023-12-05 16:08,800,533
images/2023/elizabethton-tennessee-usa/0016-IMG_2256.webp,2023,"Elizabethton, Tennessee, USA",2023-12-06 10:31,800,1067
images/2023/elizabethton-tennessee-usa/0017-IMG_2258.webp,2023,"Elizabethton, Tennessee, USA",2023-12-06 10:32,800,1067
images/2023/elizabethton-tennessee-usa/0018-IMG_2263.webp,2023,"Elizabethton, Tennessee, USA",2023-12-06 10:35,800,1067
images/2023/elizabethton-tennessee-usa/0019-PXL_20231206_163751680.webp,2023,"Elizabethton, Tennessee, USA",2023-12-06 11:37,800,1067
images/2023/elizabethton-tennessee-usa/0020-IMG_2265.webp,2023,"Elizabethton, Tennessee, USA",2023-12-06 13:51,800,1067
images/2023/elizabethton-tennessee-usa/0021-IMG_2300.webp,2023,"Elizabethton, Tennessee, USA",2023-12-10 15:15,800,600
images/2023/elizabethton-tennessee-usa/0022-QVZmQzR1bnVRalVFcmRhUg.webp,2023,"Elizabethton, Tennessee, USA",2023-12-10 15:16,800,600
images/2023/elizabethton-tennessee-usa/0023-PXL_20231210_204231421.webp,2023,"Elizabethton, Tennessee, USA",2023-12-10 15:42,800,1067
images/2023/elizabethton-tennessee-usa/0024-QVZldGRHdXdPcEVFa3Vrag.webp,2023,"Elizabethton, Tennessee, USA",2023-12-10 16:42,800,641
images/2023/elizabethton-tennessee-usa/0025-IMG_2316.webp,2023,"Elizabethton, Tennessee, USA",2023-12-16 17:13,800,600
images/2023/elizabethton-tennessee-usa/0026-PXL_20231217_010316954.webp,2023,"Elizabethton, Tennessee, USA",2023-12-16 20:03,800,1067
images/2023/elizabethton-tennessee-usa/0027-PXL_20231217_010418453~2.webp,2023,"Elizabethton, Tennessee, USA",2023-12-16 20:04,800,1067
images/2023/elizabethton-tennessee-usa/0028-IMG_2343.webp,2023,"Elizabethton, Tennessee, USA",2023-12-17 15:24,800,1067
images/2023/elizabethton-tennessee-usa/0029-IMG_2348.webp,2023,"Elizabethton, Tennessee, USA",2023-12-17 15:30,800,600
images/2023/elizabethton-tennessee-usa/0030-IMG_2360.webp,2023,"Elizabethton, Tennessee, USA",2023-12-17 15:31,800,600
images/2023/elizabethton-tennessee-usa/0031-QVZlNFN4Y1EzeUdzMFlJQQ.webp,2023,"Elizabethton, Tennessee, USA",2023-12-17 15:39,800,600
images/2023/elizabethton-tennessee-usa/0032-IMG_2365.webp,2023,"Elizabethton, Tennessee, USA",2023-12-17 17:16,800,600
images/2023/elizabethton-tennessee-usa/0033-PXL_20231221_201920813.webp,2023,"Elizabethton, Tennessee, USA",2023-12-21 15:19,800,1067
images/2023/elizabethton-tennessee-usa/0034-PXL_20231222_002856857.webp,2023,"Elizabethton, Tennessee, USA",2023-12-21 19:28,800,1067
images/2023/elizabethton-tennessee-usa/0035-PXL_20231225_132356350.webp,2023,"Elizabethton, Tennessee, USA",2023-12-25 08:23,800,1067
images/2023/elizabethton-tennessee-usa/0036-PXL_20231225_132453027.webp,2023,"Elizabethton, Tennessee, USA",2023-12-25 08:24,800,1067
images/2023/elizabethton-tennessee-usa/0037-PXL_20231225_132818784.PORTRAIT.webp,2023,"Elizabethton, Tennessee, USA",2023-12-25 08:28,800,600
images/2023/elizabethton-tennessee-usa/0038-PXL_20231225_133311775.webp,2023,"Elizabethton, Tennessee, USA",2023-12-25 08:33,800,600
images/2023/elizabethton-tennessee-usa/0039-PXL_20231225_140026838.PORTRAIT.webp,2023,"Elizabethton, Tennessee, USA",2023-12-25 09:00,800,1067
images/2023/elizabethton-tennessee-usa/0040-IMG_2397.webp,2023,"Elizabethton, Tennessee, USA",2023-12-28 09:46,800,1067
images/2025/washington-dc-usa/0001-IMG_2077_Original.webp,2025,"Washington DC, USA",2025-03-23 13:13,627,836
images/2025/washington-dc-usa/0002-IMG_3943.webp,2025,"Washington DC, USA",2025-11-01 19:29,800,600
images/2025/washington-dc-usa/0003-IMG_3945.webp,2025,"Washington DC, USA",2025-11-01 19:48,800,600
images/2025/washington-dc-usa/0004-IMG_3947.webp,2025,"Washington DC, USA",2025-11-01 19:55,800,1067
images/2025/washington-dc-usa/0005-PXL_20251107_231021442.webp,2025,"Washington DC, USA",2025-11-07 18:10,800,600
images/2025/washington-dc-usa/0006-IMG_3970.webp,2025,"Washington DC, USA",2025-11-07 19:02,800,1067
images/2025/washington-dc-usa/0007-PXL_20251108_000400541.webp,2025,"Washington DC, USA",2025-11-07 19:04,800,602
images/2025/washington-dc-usa/0008-IMG_3991.webp,2025,"Washington DC, USA",2025-11-07 19:10,800,1067
images/2025/washington-dc-usa/0009-IMG_4011.webp,2025,"Washington DC, USA",2025-11-07 19:11,800,600
images/2025/washington-dc-usa/0010-IMG_4017.webp,2025,"Washington DC, USA",2025-11-07 19:13,800,600
images/2025/washington-dc-usa/0011-IMG_4026.webp,2025,"Washington DC, USA",2025-11-07 19:15,800,600
images/2025/washington-dc-usa/0012-PXL_20251108_013012397.PORTRAIT.webp,2025,"Washington DC, USA",2025-11-07 20:30,800,1062
images/2025/washington-dc-usa/0013-IMG_4802.webp,2025,"Washington DC, USA",2025-12-31 19:19,800,1067
images/2025/washington-dc-usa/0014-PXL_20260101_032409752.webp,2025,"Washington DC, USA",2025-12-31 22:24,800,600
images/2026/washington-dc-usa/0001-IMG_4825.webp,2026,"Washington DC, USA",2026-01-05 19:07,800,1067
images/2026/washington-dc-usa/0002-IMG_4830.webp,2026,"Washington DC, USA",2026-01-05 19:10,800,1067
images/2026/washington-dc-usa/0003-IMG_4833.webp,2026,"Washington DC, USA",2026-01-05 19:12,800,1067
images/2026/elizabethton-tennessee-usa/0001-IMG_2202.webp,2026,"Elizabethton, Tennessee, USA",2026-09-21 16:58,800,1067
images/2026/elizabethton-tennessee-usa/0002-IMG_2293.webp,2026,"Elizabethton, Tennessee, USA",2026-09-23 09:13,800,1067
images/2026/elizabethton-tennessee-usa/0003-IMG_2305.webp,2026,"Elizabethton, Tennessee, USA",2026-09-23 13:44,800,600
images/2026/elizabethton-tennessee-usa/0004-IMG_2307.webp,2026,"Elizabethton, Tennessee, USA",2026-09-23 17:52,800,1067
images/2026/elizabethton-tennessee-usa/0005-IMG_2311.webp,2026,"Elizabethton, Tennessee, USA",2026-09-23 21:50,800,1067
images/2026/elizabethton-tennessee-usa/0006-IMG_2563.webp,2026,"Elizabethton, Tennessee, USA",2026-09-26 19:13,800,1067
images/2026/elizabethton-tennessee-usa/0007-IMG_2576.webp,2026,"Elizabethton, Tennessee, USA",2026-09-26 19:14,800,1067
images/2026/washington-dc-usa/0004-IMG_2245.webp,2026,"Washington DC, USA",2026-09-28 10:16,800,533
images/2026/washington-dc-usa/0005-IMG_3953.webp,2026,"Washington DC, USA",2026-09-28 15:21,800,600
images/2026/washington-dc-usa/0006-IMG_3936.webp,2026,"Washington DC, USA",2026-09-28 15:31,800,1067
images/2026/washington-dc-usa/0007-IMG_4818.webp,2026,"Washington DC, USA",2026-09-30 20:15,800,602
